[INFO] Scanning for projects...
[INFO] 
[INFO] ---------------------< com.raoudate:GestionDeTri >----------------------
[INFO] Building GestionDeTri 0.0.1-SNAPSHOT
[INFO]   from pom.xml
[INFO] --------------------------------[ jar ]---------------------------------
[INFO] 
[INFO] >>> spring-boot:3.5.6:run (default-cli) > test-compile @ GestionDeTri >>>
[INFO] 
[INFO] --- resources:3.3.1:resources (default-resources) @ GestionDeTri ---
[INFO] Copying 1 resource from src/main/resources to target/classes
[INFO] Copying 3 resources from src/main/resources to target/classes
[INFO] 
[INFO] --- compiler:3.14.0:compile (default-compile) @ GestionDeTri ---
[INFO] Nothing to compile - all classes are up to date.
[INFO] 
[INFO] --- resources:3.3.1:testResources (default-testResources) @ GestionDeTri ---
[INFO] skip non existing resourceDirectory /Users/batcharaoudate/Documents/Tri/TriCoBack/src/test/resources
[INFO] 
[INFO] --- compiler:3.14.0:testCompile (default-testCompile) @ GestionDeTri ---
[INFO] Nothing to compile - all classes are up to date.
[INFO] 
[INFO] <<< spring-boot:3.5.6:run (default-cli) < test-compile @ GestionDeTri <<<
[INFO] 
[INFO] 
[INFO] --- spring-boot:3.5.6:run (default-cli) @ GestionDeTri ---
[INFO] Attaching agents: []
Standard Commons Logging discovery in action with spring-jcl: please remove commons-logging.jar from classpath in order to avoid potential conflicts

  .   ____          _            __ _ _
 /\\ / ___'_ __ _ _(_)_ __  __ _ \ \ \ \
( ( )\___ | '_ | '_| | '_ \/ _` | \ \ \ \
 \\/  ___)| |_)| | | | | || (_| |  ) ) ) )
  '  |____| .__|_| |_|_| |_\__, | / / / /
 =========|_|==============|___/=/_/_/_/

 :: Spring Boot ::                (v3.5.6)

2025-11-22T10:49:17.024Z  INFO 28503 --- [           main] c.r.G.GestionDeTriApplication            : Starting GestionDeTriApplication using Java 17.0.15 with PID 28503 (/Users/batcharaoudate/Documents/Tri/TriCoBack/target/classes started by batcharaoudate in /Users/batcharaoudate/Documents/Tri/TriCoBack)
2025-11-22T10:49:17.025Z  INFO 28503 --- [           main] c.r.G.GestionDeTriApplication            : No active profile set, falling back to 1 default profile: "default"
2025-11-22T10:49:17.026Z DEBUG 28503 --- [           main] o.s.boot.SpringApplication               : Loading source class com.raoudate.GestionDeTri.GestionDeTriApplication
2025-11-22T10:49:17.046Z DEBUG 28503 --- [           main] ConfigServletWebServerApplicationContext : Refreshing org.springframework.boot.web.servlet.context.AnnotationConfigServletWebServerApplicationContext@a87f8ec
2025-11-22T10:49:17.472Z  INFO 28503 --- [           main] .s.d.r.c.RepositoryConfigurationDelegate : Bootstrapping Spring Data JPA repositories in DEFAULT mode.
2025-11-22T10:49:17.480Z DEBUG 28503 --- [           main] o.s.b.a.AutoConfigurationPackages        : @EnableAutoConfiguration was declared on a class in the package 'com.raoudate.GestionDeTri'. Automatic @Repository and @Entity scanning is enabled.
2025-11-22T10:49:17.509Z  INFO 28503 --- [           main] .s.d.r.c.RepositoryConfigurationDelegate : Finished Spring Data repository scanning in 32 ms. Found 11 JPA repository interfaces.
2025-11-22T10:49:17.955Z DEBUG 28503 --- [           main] .s.b.w.e.t.TomcatServletWebServerFactory : Code archive: /Users/batcharaoudate/.m2/repository/org/springframework/boot/spring-boot/3.5.6/spring-boot-3.5.6.jar
2025-11-22T10:49:17.955Z DEBUG 28503 --- [           main] .s.b.w.e.t.TomcatServletWebServerFactory : Code archive: /Users/batcharaoudate/.m2/repository/org/springframework/boot/spring-boot/3.5.6/spring-boot-3.5.6.jar
2025-11-22T10:49:17.955Z DEBUG 28503 --- [           main] .s.b.w.e.t.TomcatServletWebServerFactory : None of the document roots [src/main/webapp, public, static] point to a directory and will be ignored.
2025-11-22T10:49:17.968Z  INFO 28503 --- [           main] o.s.b.w.embedded.tomcat.TomcatWebServer  : Tomcat initialized with port 8081 (http)
2025-11-22T10:49:17.981Z  INFO 28503 --- [           main] o.apache.catalina.core.StandardService   : Starting service [Tomcat]
2025-11-22T10:49:17.982Z  INFO 28503 --- [           main] o.apache.catalina.core.StandardEngine    : Starting Servlet engine: [Apache Tomcat/10.1.46]
2025-11-22T10:49:18.013Z  INFO 28503 --- [           main] o.a.c.c.C.[Tomcat].[localhost].[/]       : Initializing Spring embedded WebApplicationContext
2025-11-22T10:49:18.013Z DEBUG 28503 --- [           main] w.s.c.ServletWebServerApplicationContext : Published root WebApplicationContext as ServletContext attribute with name [org.springframework.web.context.WebApplicationContext.ROOT]
2025-11-22T10:49:18.013Z  INFO 28503 --- [           main] w.s.c.ServletWebServerApplicationContext : Root WebApplicationContext: initialization completed in 967 ms
Standard Commons Logging discovery in action with spring-jcl: please remove commons-logging.jar from classpath in order to avoid potential conflicts
2025-11-22T10:49:18.120Z  INFO 28503 --- [           main] o.hibernate.jpa.internal.util.LogHelper  : HHH000204: Processing PersistenceUnitInfo [name: default]
2025-11-22T10:49:18.148Z  INFO 28503 --- [           main] org.hibernate.Version                    : HHH000412: Hibernate ORM core version 6.6.29.Final
2025-11-22T10:49:18.164Z  INFO 28503 --- [           main] o.h.c.internal.RegionFactoryInitiator    : HHH000026: Second-level cache disabled
2025-11-22T10:49:18.285Z  INFO 28503 --- [           main] o.s.o.j.p.SpringPersistenceUnitInfo      : No LoadTimeWeaver setup: ignoring JPA class transformer
2025-11-22T10:49:18.298Z  INFO 28503 --- [           main] com.zaxxer.hikari.HikariDataSource       : HikariPool-1 - Starting...
2025-11-22T10:49:18.363Z  INFO 28503 --- [           main] com.zaxxer.hikari.pool.HikariPool        : HikariPool-1 - Added connection org.postgresql.jdbc.PgConnection@4822ab4d
2025-11-22T10:49:18.364Z  INFO 28503 --- [           main] com.zaxxer.hikari.HikariDataSource       : HikariPool-1 - Start completed.
2025-11-22T10:49:18.397Z  WARN 28503 --- [           main] org.hibernate.orm.deprecation            : HHH90000025: PostgreSQLDialect does not need to be specified explicitly using 'hibernate.dialect' (remove the property setting and it will be selected by default)
2025-11-22T10:49:18.407Z  INFO 28503 --- [           main] org.hibernate.orm.connections.pooling    : HHH10001005: Database info:
	Database JDBC URL [Connecting through datasource 'HikariDataSource (HikariPool-1)']
	Database driver: undefined/unknown
	Database version: 16.10
	Autocommit mode: undefined/unknown
	Isolation level: undefined/unknown
	Minimum pool size: undefined/unknown
	Maximum pool size: undefined/unknown
2025-11-22T10:49:19.001Z  INFO 28503 --- [           main] o.h.e.t.j.p.i.JtaPlatformInitiator       : HHH000489: No JTA platform available (set 'hibernate.transaction.jta.platform' to enable JTA platform integration)
2025-11-22T10:49:19.223Z  INFO 28503 --- [           main] j.LocalContainerEntityManagerFactoryBean : Initialized JPA EntityManagerFactory for persistence unit 'default'
2025-11-22T10:49:19.374Z  INFO 28503 --- [           main] o.s.d.j.r.query.QueryEnhancerFactory     : Hibernate is in classpath; If applicable, HQL parser will be used.
2025-11-22T10:49:20.605Z DEBUG 28503 --- [           main] o.s.b.w.s.ServletContextInitializerBeans : Mapping filters: springSecurityFilterChain urls=[/*] order=-100, resourceUrlEncodingFilter urls=[/*] order=2147483647, characterEncodingFilter urls=[/*] order=-2147483648, formContentFilter urls=[/*] order=-9900, requestContextFilter urls=[/*] order=-105, jwtAuthFilter urls=[/*] order=2147483647
2025-11-22T10:49:20.605Z DEBUG 28503 --- [           main] o.s.b.w.s.ServletContextInitializerBeans : Mapping servlets: dispatcherServlet urls=[/]
2025-11-22T10:49:20.622Z DEBUG 28503 --- [           main] o.s.b.w.s.f.OrderedRequestContextFilter  : Filter 'requestContextFilter' configured for use
2025-11-22T10:49:20.624Z DEBUG 28503 --- [           main] o.s.w.s.r.ResourceUrlEncodingFilter      : Filter 'resourceUrlEncodingFilter' configured for use
2025-11-22T10:49:20.624Z DEBUG 28503 --- [           main] s.b.w.s.f.OrderedCharacterEncodingFilter : Filter 'characterEncodingFilter' configured for use
2025-11-22T10:49:20.624Z DEBUG 28503 --- [           main] .DelegatingFilterProxyRegistrationBean$1 : Filter 'springSecurityFilterChain' configured for use
2025-11-22T10:49:20.624Z DEBUG 28503 --- [           main] o.s.b.w.s.f.OrderedFormContentFilter     : Filter 'formContentFilter' configured for use
2025-11-22T10:49:20.822Z  INFO 28503 --- [           main] eAuthenticationProviderManagerConfigurer : Global AuthenticationManager configured with AuthenticationProvider bean with name authenticationProvider
2025-11-22T10:49:20.822Z  WARN 28503 --- [           main] r$InitializeUserDetailsManagerConfigurer : Global AuthenticationManager configured with an AuthenticationProvider bean. UserDetailsService beans will not be used by Spring Security for automatically configuring username/password login. Consider removing the AuthenticationProvider bean. Alternatively, consider using the UserDetailsService in a manually instantiated DaoAuthenticationProvider. If the current configuration is intentional, to turn off this warning, increase the logging level of 'org.springframework.security.config.annotation.authentication.configuration.InitializeUserDetailsBeanManagerConfigurer' to ERROR
2025-11-22T10:49:21.205Z  INFO 28503 --- [           main] c.r.G.controller.AuditLogController      : ✅ AuditLogController initialisé et prêt à recevoir des requêtes sur /api/v1/audit/**
2025-11-22T10:49:21.274Z  INFO 28503 --- [           main] c.r.G.services.GeocodingService          : 🗺️ Initialisation du service de géocodage Google Maps
2025-11-22T10:49:21.274Z  INFO 28503 --- [           main] c.r.G.services.GeocodingService          : 📍 Région: TG, Langue: fr
2025-11-22T10:49:21.376Z  INFO 28503 --- [           main] c.r.GestionDeTri.services.OcrService     : 🔧 Initialisation de Tesseract OCR
2025-11-22T10:49:21.376Z  INFO 28503 --- [           main] c.r.GestionDeTri.services.OcrService     : 📁 Chemin tessdata: /opt/homebrew/share/tessdata
2025-11-22T10:49:21.376Z  INFO 28503 --- [           main] c.r.GestionDeTri.services.OcrService     : 🌍 Langue: fra
2025-11-22T10:49:21.376Z  INFO 28503 --- [           main] c.r.GestionDeTri.services.OcrService     : 📚 Chemin bibliothèques natives configuré: /opt/homebrew/lib
2025-11-22T10:49:21.380Z  INFO 28503 --- [           main] c.r.GestionDeTri.services.OcrService     : ✅ Tessdata trouvé à: /opt/homebrew/share/tessdata
2025-11-22T10:49:21.381Z  INFO 28503 --- [           main] c.r.GestionDeTri.services.OcrService     : ✅ Tesseract OCR initialisé (mode optimisé pour vitesse)
2025-11-22T10:49:21.527Z  WARN 28503 --- [           main] JpaBaseConfiguration$JpaWebConfiguration : spring.jpa.open-in-view is enabled by default. Therefore, database queries may be performed during view rendering. Explicitly configure spring.jpa.open-in-view to disable this warning
2025-11-22T10:49:21.650Z DEBUG 28503 --- [           main] s.w.s.m.m.a.RequestMappingHandlerMapping : 108 mappings in 'requestMappingHandlerMapping'
2025-11-22T10:49:21.711Z DEBUG 28503 --- [           main] o.s.w.s.handler.SimpleUrlHandlerMapping  : Patterns [/webjars/**, /**, /swagger-ui*/*swagger-initializer.js, /swagger-ui*/**] in 'resourceHandlerMapping'
2025-11-22T10:49:21.930Z DEBUG 28503 --- [           main] s.w.s.m.m.a.RequestMappingHandlerAdapter : ControllerAdvice beans: 0 @ModelAttribute, 0 @InitBinder, 1 RequestBodyAdvice, 1 ResponseBodyAdvice
2025-11-22T10:49:21.981Z DEBUG 28503 --- [           main] .m.m.a.ExceptionHandlerExceptionResolver : ControllerAdvice beans: 2 @ExceptionHandler, 1 ResponseBodyAdvice
2025-11-22T10:49:22.254Z  INFO 28503 --- [           main] o.s.b.w.embedded.tomcat.TomcatWebServer  : Tomcat started on port 8081 (http) with context path '/'
2025-11-22T10:49:22.261Z DEBUG 28503 --- [           main] .s.b.a.l.ConditionEvaluationReportLogger : 


============================
CONDITIONS EVALUATION REPORT
============================


Positive matches:
-----------------

   AopAutoConfiguration matched:
      - @ConditionalOnBooleanProperty (spring.aop.auto=true) matched (OnPropertyCondition)

   AopAutoConfiguration.AspectJAutoProxyingConfiguration matched:
      - @ConditionalOnClass found required class 'org.aspectj.weaver.Advice' (OnClassCondition)

   AopAutoConfiguration.AspectJAutoProxyingConfiguration.CglibAutoProxyConfiguration matched:
      - @ConditionalOnBooleanProperty (spring.aop.proxy-target-class=true) matched (OnPropertyCondition)

   ApplicationAvailabilityAutoConfiguration#applicationAvailability matched:
      - @ConditionalOnMissingBean (types: org.springframework.boot.availability.ApplicationAvailability; SearchStrategy: all) did not find any beans (OnBeanCondition)

   CacheAutoConfiguration matched:
      - @ConditionalOnClass found required class 'org.springframework.cache.CacheManager' (OnClassCondition)
      - @ConditionalOnBean (types: org.springframework.cache.interceptor.CacheAspectSupport; SearchStrategy: all) found bean 'cacheInterceptor'; @ConditionalOnMissingBean (names: cacheResolver types: org.springframework.cache.CacheManager; SearchStrategy: all) did not find any beans (OnBeanCondition)

   CacheAutoConfiguration#cacheManagerCustomizers matched:
      - @ConditionalOnMissingBean (types: org.springframework.boot.autoconfigure.cache.CacheManagerCustomizers; SearchStrategy: all) did not find any beans (OnBeanCondition)

   CacheAutoConfiguration.CacheManagerEntityManagerFactoryDependsOnPostProcessor matched:
      - @ConditionalOnClass found required class 'org.springframework.orm.jpa.LocalContainerEntityManagerFactoryBean' (OnClassCondition)
      - @ConditionalOnBean (types: org.springframework.orm.jpa.AbstractEntityManagerFactoryBean; SearchStrategy: all) found bean '&entityManagerFactory' (OnBeanCondition)

   DataSourceAutoConfiguration matched:
      - @ConditionalOnClass found required classes 'javax.sql.DataSource', 'org.springframework.jdbc.datasource.embedded.EmbeddedDatabaseType' (OnClassCondition)
      - @ConditionalOnMissingBean (types: ?; SearchStrategy: all) did not find any beans (OnBeanCondition)

   DataSourceAutoConfiguration.PooledDataSourceConfiguration matched:
      - AnyNestedCondition 1 matched 1 did not; NestedCondition on DataSourceAutoConfiguration.PooledDataSourceCondition.PooledDataSourceAvailable PooledDataSource found supported DataSource; NestedCondition on DataSourceAutoConfiguration.PooledDataSourceCondition.ExplicitType @ConditionalOnProperty (spring.datasource.type) did not find property 'spring.datasource.type' (DataSourceAutoConfiguration.PooledDataSourceCondition)
      - @ConditionalOnMissingBean (types: javax.sql.DataSource,javax.sql.XADataSource; SearchStrategy: all) did not find any beans (OnBeanCondition)

   DataSourceAutoConfiguration.PooledDataSourceConfiguration#jdbcConnectionDetails matched:
      - @ConditionalOnMissingBean (types: org.springframework.boot.autoconfigure.jdbc.JdbcConnectionDetails; SearchStrategy: all) did not find any beans (OnBeanCondition)

   DataSourceConfiguration.Hikari matched:
      - @ConditionalOnClass found required class 'com.zaxxer.hikari.HikariDataSource' (OnClassCondition)
      - @ConditionalOnProperty (spring.datasource.type=com.zaxxer.hikari.HikariDataSource) matched (OnPropertyCondition)
      - @ConditionalOnMissingBean (types: javax.sql.DataSource; SearchStrategy: all) did not find any beans (OnBeanCondition)

   DataSourceInitializationConfiguration matched:
      - @ConditionalOnClass found required class 'org.springframework.jdbc.datasource.init.DatabasePopulator' (OnClassCondition)
      - @ConditionalOnSingleCandidate (types: javax.sql.DataSource; SearchStrategy: all) found a single bean 'dataSource'; @ConditionalOnMissingBean (types: org.springframework.boot.autoconfigure.sql.init.SqlDataSourceScriptDatabaseInitializer,org.springframework.boot.autoconfigure.sql.init.SqlR2dbcScriptDatabaseInitializer; SearchStrategy: all) did not find any beans (OnBeanCondition)

   DataSourcePoolMetadataProvidersConfiguration.HikariPoolDataSourceMetadataProviderConfiguration matched:
      - @ConditionalOnClass found required class 'com.zaxxer.hikari.HikariDataSource' (OnClassCondition)

   DataSourceTransactionManagerAutoConfiguration matched:
      - @ConditionalOnClass found required classes 'javax.sql.DataSource', 'org.springframework.jdbc.core.JdbcTemplate', 'org.springframework.transaction.TransactionManager' (OnClassCondition)

   DataSourceTransactionManagerAutoConfiguration.JdbcTransactionManagerConfiguration matched:
      - @ConditionalOnSingleCandidate (types: javax.sql.DataSource; SearchStrategy: all) found a single bean 'dataSource' (OnBeanCondition)

   DispatcherServletAutoConfiguration matched:
      - @ConditionalOnClass found required class 'org.springframework.web.servlet.DispatcherServlet' (OnClassCondition)
      - found 'session' scope (OnWebApplicationCondition)

   DispatcherServletAutoConfiguration.DispatcherServletConfiguration matched:
      - @ConditionalOnClass found required class 'jakarta.servlet.ServletRegistration' (OnClassCondition)
      - Default DispatcherServlet did not find dispatcher servlet beans (DispatcherServletAutoConfiguration.DefaultDispatcherServletCondition)

   DispatcherServletAutoConfiguration.DispatcherServletRegistrationConfiguration matched:
      - @ConditionalOnClass found required class 'jakarta.servlet.ServletRegistration' (OnClassCondition)
      - DispatcherServlet Registration did not find servlet registration bean (DispatcherServletAutoConfiguration.DispatcherServletRegistrationCondition)

   DispatcherServletAutoConfiguration.DispatcherServletRegistrationConfiguration#dispatcherServletRegistration matched:
      - @ConditionalOnBean (names: dispatcherServlet types: org.springframework.web.servlet.DispatcherServlet; SearchStrategy: all) found bean 'dispatcherServlet' (OnBeanCondition)

   EmbeddedWebServerFactoryCustomizerAutoConfiguration matched:
      - @ConditionalOnWebApplication (required) found 'session' scope (OnWebApplicationCondition)
      - @ConditionalOnWarDeployment the application is not deployed as a WAR file. (OnWarDeploymentCondition)

   EmbeddedWebServerFactoryCustomizerAutoConfiguration.TomcatWebServerFactoryCustomizerConfiguration matched:
      - @ConditionalOnClass found required classes 'org.apache.catalina.startup.Tomcat', 'org.apache.coyote.UpgradeProtocol' (OnClassCondition)

   ErrorMvcAutoConfiguration matched:
      - @ConditionalOnClass found required classes 'jakarta.servlet.Servlet', 'org.springframework.web.servlet.DispatcherServlet' (OnClassCondition)
      - found 'session' scope (OnWebApplicationCondition)

   ErrorMvcAutoConfiguration#basicErrorController matched:
      - @ConditionalOnMissingBean (types: org.springframework.boot.web.servlet.error.ErrorController; SearchStrategy: current) did not find any beans (OnBeanCondition)

   ErrorMvcAutoConfiguration#errorAttributes matched:
      - @ConditionalOnMissingBean (types: org.springframework.boot.web.servlet.error.ErrorAttributes; SearchStrategy: current) did not find any beans (OnBeanCondition)

   ErrorMvcAutoConfiguration.DefaultErrorViewResolverConfiguration#conventionErrorViewResolver matched:
      - @ConditionalOnBean (types: org.springframework.web.servlet.DispatcherServlet; SearchStrategy: all) found bean 'dispatcherServlet'; @ConditionalOnMissingBean (types: org.springframework.boot.autoconfigure.web.servlet.error.ErrorViewResolver; SearchStrategy: all) did not find any beans (OnBeanCondition)

   ErrorMvcAutoConfiguration.WhitelabelErrorViewConfiguration matched:
      - @ConditionalOnBooleanProperty (server.error.whitelabel.enabled=true) matched (OnPropertyCondition)
      - ErrorTemplate Missing did not find error template view (ErrorMvcAutoConfiguration.ErrorTemplateMissingCondition)

   ErrorMvcAutoConfiguration.WhitelabelErrorViewConfiguration#beanNameViewResolver matched:
      - @ConditionalOnMissingBean (types: org.springframework.web.servlet.view.BeanNameViewResolver; SearchStrategy: all) did not find any beans (OnBeanCondition)

   ErrorMvcAutoConfiguration.WhitelabelErrorViewConfiguration#defaultErrorView matched:
      - @ConditionalOnMissingBean (names: error; SearchStrategy: all) did not find any beans (OnBeanCondition)

   GsonAutoConfiguration matched:
      - @ConditionalOnClass found required class 'com.google.gson.Gson' (OnClassCondition)

   GsonAutoConfiguration#gson matched:
      - @ConditionalOnMissingBean (types: com.google.gson.Gson; SearchStrategy: all) did not find any beans (OnBeanCondition)

   GsonAutoConfiguration#gsonBuilder matched:
      - @ConditionalOnMissingBean (types: com.google.gson.GsonBuilder; SearchStrategy: all) did not find any beans (OnBeanCondition)

   GsonHttpMessageConvertersConfiguration matched:
      - @ConditionalOnClass found required class 'com.google.gson.Gson' (OnClassCondition)

   HibernateJpaAutoConfiguration matched:
      - @ConditionalOnClass found required classes 'org.springframework.orm.jpa.LocalContainerEntityManagerFactoryBean', 'jakarta.persistence.EntityManager', 'org.hibernate.engine.spi.SessionImplementor' (OnClassCondition)

   HibernateJpaConfiguration matched:
      - @ConditionalOnSingleCandidate (types: javax.sql.DataSource; SearchStrategy: all) found a single bean 'dataSource' (OnBeanCondition)

   HttpClientAutoConfiguration matched:
      - @ConditionalOnClass found required class 'org.springframework.http.client.ClientHttpRequestFactory' (OnClassCondition)
      - NoneNestedConditions 0 matched 1 did not; NestedCondition on NotReactiveWebApplicationCondition.ReactiveWebApplication did not find reactive web application classes (NotReactiveWebApplicationCondition)

   HttpClientAutoConfiguration#clientHttpRequestFactoryBuilder matched:
      - @ConditionalOnMissingBean (types: org.springframework.boot.http.client.ClientHttpRequestFactoryBuilder<?>; SearchStrategy: all) did not find any beans (OnBeanCondition)

   HttpClientAutoConfiguration#clientHttpRequestFactorySettings matched:
      - @ConditionalOnMissingBean (types: org.springframework.boot.http.client.ClientHttpRequestFactorySettings; SearchStrategy: all) did not find any beans (OnBeanCondition)

   HttpEncodingAutoConfiguration matched:
      - @ConditionalOnClass found required class 'org.springframework.web.filter.CharacterEncodingFilter' (OnClassCondition)
      - found 'session' scope (OnWebApplicationCondition)
      - @ConditionalOnBooleanProperty (server.servlet.encoding.enabled=true) matched (OnPropertyCondition)

   HttpEncodingAutoConfiguration#characterEncodingFilter matched:
      - @ConditionalOnMissingBean (types: org.springframework.web.filter.CharacterEncodingFilter; SearchStrategy: all) did not find any beans (OnBeanCondition)

   HttpMessageConvertersAutoConfiguration matched:
      - @ConditionalOnClass found required class 'org.springframework.http.converter.HttpMessageConverter' (OnClassCondition)
      - NoneNestedConditions 0 matched 1 did not; NestedCondition on HttpMessageConvertersAutoConfiguration.NotReactiveWebApplicationCondition.ReactiveWebApplication did not find reactive web application classes (HttpMessageConvertersAutoConfiguration.NotReactiveWebApplicationCondition)

   HttpMessageConvertersAutoConfiguration#messageConverters matched:
      - @ConditionalOnMissingBean (types: org.springframework.boot.autoconfigure.http.HttpMessageConverters; SearchStrategy: all) did not find any beans (OnBeanCondition)

   HttpMessageConvertersAutoConfiguration.StringHttpMessageConverterConfiguration matched:
      - @ConditionalOnClass found required class 'org.springframework.http.converter.StringHttpMessageConverter' (OnClassCondition)

   HttpMessageConvertersAutoConfiguration.StringHttpMessageConverterConfiguration#stringHttpMessageConverter matched:
      - @ConditionalOnMissingBean (types: org.springframework.http.converter.StringHttpMessageConverter; SearchStrategy: all) did not find any beans (OnBeanCondition)

   JacksonAutoConfiguration matched:
      - @ConditionalOnClass found required class 'com.fasterxml.jackson.databind.ObjectMapper' (OnClassCondition)

   JacksonAutoConfiguration.Jackson2ObjectMapperBuilderCustomizerConfiguration matched:
      - @ConditionalOnClass found required class 'org.springframework.http.converter.json.Jackson2ObjectMapperBuilder' (OnClassCondition)

   JacksonAutoConfiguration.JacksonObjectMapperBuilderConfiguration matched:
      - @ConditionalOnClass found required class 'org.springframework.http.converter.json.Jackson2ObjectMapperBuilder' (OnClassCondition)

   JacksonAutoConfiguration.JacksonObjectMapperBuilderConfiguration#jacksonObjectMapperBuilder matched:
      - @ConditionalOnMissingBean (types: org.springframework.http.converter.json.Jackson2ObjectMapperBuilder; SearchStrategy: all) did not find any beans (OnBeanCondition)

   JacksonAutoConfiguration.JacksonObjectMapperConfiguration matched:
      - @ConditionalOnClass found required class 'org.springframework.http.converter.json.Jackson2ObjectMapperBuilder' (OnClassCondition)

   JacksonAutoConfiguration.JacksonObjectMapperConfiguration#jacksonObjectMapper matched:
      - @ConditionalOnMissingBean (types: com.fasterxml.jackson.databind.ObjectMapper; SearchStrategy: all) did not find any beans (OnBeanCondition)

   JacksonAutoConfiguration.ParameterNamesModuleConfiguration matched:
      - @ConditionalOnClass found required class 'com.fasterxml.jackson.module.paramnames.ParameterNamesModule' (OnClassCondition)

   JacksonAutoConfiguration.ParameterNamesModuleConfiguration#parameterNamesModule matched:
      - @ConditionalOnMissingBean (types: com.fasterxml.jackson.module.paramnames.ParameterNamesModule; SearchStrategy: all) did not find any beans (OnBeanCondition)

   JacksonHttpMessageConvertersConfiguration.MappingJackson2HttpMessageConverterConfiguration matched:
      - @ConditionalOnClass found required class 'com.fasterxml.jackson.databind.ObjectMapper' (OnClassCondition)
      - @ConditionalOnPreferredJsonMapper JACKSON no property was configured and Jackson is the default (OnPreferredJsonMapperCondition)
      - @ConditionalOnBean (types: com.fasterxml.jackson.databind.ObjectMapper; SearchStrategy: all) found bean 'jacksonObjectMapper' (OnBeanCondition)

   JacksonHttpMessageConvertersConfiguration.MappingJackson2HttpMessageConverterConfiguration#mappingJackson2HttpMessageConverter matched:
      - @ConditionalOnMissingBean (types: org.springframework.http.converter.json.MappingJackson2HttpMessageConverter ignored: ?; SearchStrategy: all) did not find any beans (OnBeanCondition)

   JdbcClientAutoConfiguration matched:
      - @ConditionalOnSingleCandidate (types: org.springframework.jdbc.core.namedparam.NamedParameterJdbcTemplate; SearchStrategy: all) found a single bean 'namedParameterJdbcTemplate'; @ConditionalOnMissingBean (types: org.springframework.jdbc.core.simple.JdbcClient; SearchStrategy: all) did not find any beans (OnBeanCondition)

   JdbcTemplateAutoConfiguration matched:
      - @ConditionalOnClass found required classes 'javax.sql.DataSource', 'org.springframework.jdbc.core.JdbcTemplate' (OnClassCondition)
      - @ConditionalOnSingleCandidate (types: javax.sql.DataSource; SearchStrategy: all) found a single bean 'dataSource' (OnBeanCondition)

   JdbcTemplateConfiguration matched:
      - @ConditionalOnMissingBean (types: org.springframework.jdbc.core.JdbcOperations; SearchStrategy: all) did not find any beans (OnBeanCondition)

   JpaBaseConfiguration#entityManagerFactory matched:
      - @ConditionalOnMissingBean (types: org.springframework.orm.jpa.LocalContainerEntityManagerFactoryBean,jakarta.persistence.EntityManagerFactory; SearchStrategy: all) did not find any beans (OnBeanCondition)

   JpaBaseConfiguration#entityManagerFactoryBuilder matched:
      - @ConditionalOnMissingBean (types: org.springframework.boot.orm.jpa.EntityManagerFactoryBuilder; SearchStrategy: all) did not find any beans (OnBeanCondition)

   JpaBaseConfiguration#jpaVendorAdapter matched:
      - @ConditionalOnMissingBean (types: org.springframework.orm.jpa.JpaVendorAdapter; SearchStrategy: all) did not find any beans (OnBeanCondition)

   JpaBaseConfiguration#transactionManager matched:
      - @ConditionalOnMissingBean (types: org.springframework.transaction.TransactionManager; SearchStrategy: all) did not find any beans (OnBeanCondition)

   JpaBaseConfiguration.JpaWebConfiguration matched:
      - @ConditionalOnClass found required class 'org.springframework.web.servlet.config.annotation.WebMvcConfigurer' (OnClassCondition)
      - found 'session' scope (OnWebApplicationCondition)
      - @ConditionalOnBooleanProperty (spring.jpa.open-in-view=true) matched (OnPropertyCondition)
      - @ConditionalOnMissingBean (types: org.springframework.orm.jpa.support.OpenEntityManagerInViewInterceptor,org.springframework.orm.jpa.support.OpenEntityManagerInViewFilter; SearchStrategy: all) did not find any beans (OnBeanCondition)

   JpaBaseConfiguration.PersistenceManagedTypesConfiguration matched:
      - @ConditionalOnMissingBean (types: org.springframework.orm.jpa.LocalContainerEntityManagerFactoryBean,jakarta.persistence.EntityManagerFactory; SearchStrategy: all) did not find any beans (OnBeanCondition)

   JpaBaseConfiguration.PersistenceManagedTypesConfiguration#persistenceManagedTypes matched:
      - @ConditionalOnMissingBean (types: org.springframework.orm.jpa.persistenceunit.PersistenceManagedTypes; SearchStrategy: all) did not find any beans (OnBeanCondition)

   JpaRepositoriesAutoConfiguration matched:
      - @ConditionalOnClass found required class 'org.springframework.data.jpa.repository.JpaRepository' (OnClassCondition)
      - @ConditionalOnBooleanProperty (spring.data.jpa.repositories.enabled=true) matched (OnPropertyCondition)
      - @ConditionalOnBean (types: javax.sql.DataSource; SearchStrategy: all) found bean 'dataSource'; @ConditionalOnMissingBean (types: org.springframework.data.jpa.repository.support.JpaRepositoryFactoryBean,org.springframework.data.jpa.repository.config.JpaRepositoryConfigExtension; SearchStrategy: all) did not find any beans (OnBeanCondition)

   JtaAutoConfiguration matched:
      - @ConditionalOnClass found required class 'jakarta.transaction.Transaction' (OnClassCondition)
      - @ConditionalOnBooleanProperty (spring.jta.enabled=true) matched (OnPropertyCondition)

   LifecycleAutoConfiguration#defaultLifecycleProcessor matched:
      - @ConditionalOnMissingBean (names: lifecycleProcessor; SearchStrategy: current) did not find any beans (OnBeanCondition)

   MailSenderAutoConfiguration matched:
      - @ConditionalOnClass found required classes 'jakarta.mail.internet.MimeMessage', 'jakarta.activation.MimeType', 'org.springframework.mail.MailSender' (OnClassCondition)
      - AnyNestedCondition 1 matched 1 did not; NestedCondition on MailSenderAutoConfiguration.MailSenderCondition.JndiNameProperty @ConditionalOnProperty (spring.mail.jndi-name) did not find property 'spring.mail.jndi-name'; NestedCondition on MailSenderAutoConfiguration.MailSenderCondition.HostProperty @ConditionalOnProperty (spring.mail.host) matched (MailSenderAutoConfiguration.MailSenderCondition)
      - @ConditionalOnMissingBean (types: org.springframework.mail.MailSender; SearchStrategy: all) did not find any beans (OnBeanCondition)

   MailSenderPropertiesConfiguration matched:
      - @ConditionalOnProperty (spring.mail.host) matched (OnPropertyCondition)

   MailSenderPropertiesConfiguration#mailSender matched:
      - @ConditionalOnMissingBean (types: org.springframework.mail.javamail.JavaMailSender; SearchStrategy: all) did not find any beans (OnBeanCondition)

   MultipartAutoConfiguration matched:
      - @ConditionalOnClass found required classes 'jakarta.servlet.Servlet', 'org.springframework.web.multipart.support.StandardServletMultipartResolver', 'jakarta.servlet.MultipartConfigElement' (OnClassCondition)
      - found 'session' scope (OnWebApplicationCondition)
      - @ConditionalOnBooleanProperty (spring.servlet.multipart.enabled=true) matched (OnPropertyCondition)

   MultipartAutoConfiguration#multipartConfigElement matched:
      - @ConditionalOnMissingBean (types: jakarta.servlet.MultipartConfigElement; SearchStrategy: all) did not find any beans (OnBeanCondition)

   MultipartAutoConfiguration#multipartResolver matched:
      - @ConditionalOnMissingBean (types: org.springframework.web.multipart.MultipartResolver; SearchStrategy: all) did not find any beans (OnBeanCondition)

   NamedParameterJdbcTemplateConfiguration matched:
      - @ConditionalOnSingleCandidate (types: org.springframework.jdbc.core.JdbcTemplate; SearchStrategy: all) found a single bean 'jdbcTemplate'; @ConditionalOnMissingBean (types: org.springframework.jdbc.core.namedparam.NamedParameterJdbcOperations; SearchStrategy: all) did not find any beans (OnBeanCondition)

   PersistenceExceptionTranslationAutoConfiguration matched:
      - @ConditionalOnClass found required class 'org.springframework.dao.annotation.PersistenceExceptionTranslationPostProcessor' (OnClassCondition)

   PersistenceExceptionTranslationAutoConfiguration#persistenceExceptionTranslationPostProcessor matched:
      - @ConditionalOnBooleanProperty (spring.dao.exceptiontranslation.enabled=true) matched (OnPropertyCondition)
      - @ConditionalOnMissingBean (types: org.springframework.dao.annotation.PersistenceExceptionTranslationPostProcessor; SearchStrategy: all) did not find any beans (OnBeanCondition)

   PropertyPlaceholderAutoConfiguration#propertySourcesPlaceholderConfigurer matched:
      - @ConditionalOnMissingBean (types: org.springframework.context.support.PropertySourcesPlaceholderConfigurer; SearchStrategy: current) did not find any beans (OnBeanCondition)

   RestClientAutoConfiguration matched:
      - @ConditionalOnClass found required class 'org.springframework.web.client.RestClient' (OnClassCondition)
      - AnyNestedCondition 1 matched 1 did not; NestedCondition on NotReactiveWebApplicationOrVirtualThreadsExecutorEnabledCondition.VirtualThreadsExecutorEnabled found non-matching nested conditions @ConditionalOnThreading did not find VIRTUAL; NestedCondition on NotReactiveWebApplicationOrVirtualThreadsExecutorEnabledCondition.NotReactiveWebApplication NoneNestedConditions 0 matched 1 did not; NestedCondition on NotReactiveWebApplicationCondition.ReactiveWebApplication did not find reactive web application classes (NotReactiveWebApplicationOrVirtualThreadsExecutorEnabledCondition)

   RestClientAutoConfiguration#httpMessageConvertersRestClientCustomizer matched:
      - @ConditionalOnMissingBean (types: org.springframework.boot.autoconfigure.web.client.HttpMessageConvertersRestClientCustomizer; SearchStrategy: all) did not find any beans (OnBeanCondition)

   RestClientAutoConfiguration#restClientBuilder matched:
      - @ConditionalOnMissingBean (types: org.springframework.web.client.RestClient$Builder; SearchStrategy: all) did not find any beans (OnBeanCondition)

   RestClientAutoConfiguration#restClientBuilderConfigurer matched:
      - @ConditionalOnMissingBean (types: org.springframework.boot.autoconfigure.web.client.RestClientBuilderConfigurer; SearchStrategy: all) did not find any beans (OnBeanCondition)

   RestClientAutoConfiguration#restClientSsl matched:
      - @ConditionalOnBean (types: org.springframework.boot.ssl.SslBundles; SearchStrategy: all) found bean 'sslBundleRegistry'; @ConditionalOnMissingBean (types: org.springframework.boot.autoconfigure.web.client.RestClientSsl; SearchStrategy: all) did not find any beans (OnBeanCondition)

   RestTemplateAutoConfiguration matched:
      - @ConditionalOnClass found required class 'org.springframework.web.client.RestTemplate' (OnClassCondition)
      - NoneNestedConditions 0 matched 1 did not; NestedCondition on NotReactiveWebApplicationCondition.ReactiveWebApplication did not find reactive web application classes (NotReactiveWebApplicationCondition)

   RestTemplateAutoConfiguration#restTemplateBuilder matched:
      - @ConditionalOnMissingBean (types: org.springframework.boot.web.client.RestTemplateBuilder; SearchStrategy: all) did not find any beans (OnBeanCondition)

   SecurityAutoConfiguration matched:
      - @ConditionalOnClass found required class 'org.springframework.security.authentication.DefaultAuthenticationEventPublisher' (OnClassCondition)

   SecurityAutoConfiguration#authenticationEventPublisher matched:
      - @ConditionalOnMissingBean (types: org.springframework.security.authentication.AuthenticationEventPublisher; SearchStrategy: all) did not find any beans (OnBeanCondition)

   SecurityFilterAutoConfiguration matched:
      - @ConditionalOnClass found required classes 'org.springframework.security.web.context.AbstractSecurityWebApplicationInitializer', 'org.springframework.security.config.http.SessionCreationPolicy' (OnClassCondition)
      - found 'session' scope (OnWebApplicationCondition)

   SecurityFilterAutoConfiguration#securityFilterChainRegistration matched:
      - @ConditionalOnBean (names: springSecurityFilterChain; SearchStrategy: all) found bean 'springSecurityFilterChain' (OnBeanCondition)

   ServletWebServerFactoryAutoConfiguration matched:
      - @ConditionalOnClass found required class 'jakarta.servlet.ServletRequest' (OnClassCondition)
      - found 'session' scope (OnWebApplicationCondition)

   ServletWebServerFactoryAutoConfiguration#tomcatServletWebServerFactoryCustomizer matched:
      - @ConditionalOnClass found required class 'org.apache.catalina.startup.Tomcat' (OnClassCondition)

   ServletWebServerFactoryConfiguration.EmbeddedTomcat matched:
      - @ConditionalOnClass found required classes 'jakarta.servlet.Servlet', 'org.apache.catalina.startup.Tomcat', 'org.apache.coyote.UpgradeProtocol' (OnClassCondition)
      - @ConditionalOnMissingBean (types: org.springframework.boot.web.servlet.server.ServletWebServerFactory; SearchStrategy: current) did not find any beans (OnBeanCondition)

   SimpleCacheConfiguration matched:
      - Cache org.springframework.boot.autoconfigure.cache.SimpleCacheConfiguration automatic cache type (CacheCondition)
      - @ConditionalOnMissingBean (types: org.springframework.cache.CacheManager; SearchStrategy: all) did not find any beans (OnBeanCondition)

   SpringBootWebSecurityConfiguration matched:
      - found 'session' scope (OnWebApplicationCondition)

   SpringDataWebAutoConfiguration matched:
      - @ConditionalOnClass found required classes 'org.springframework.data.web.PageableHandlerMethodArgumentResolver', 'org.springframework.web.servlet.config.annotation.WebMvcConfigurer' (OnClassCondition)
      - found 'session' scope (OnWebApplicationCondition)
      - @ConditionalOnMissingBean (types: org.springframework.data.web.PageableHandlerMethodArgumentResolver; SearchStrategy: all) did not find any beans (OnBeanCondition)

   SpringDataWebAutoConfiguration#pageableCustomizer matched:
      - @ConditionalOnMissingBean (types: org.springframework.data.web.config.PageableHandlerMethodArgumentResolverCustomizer; SearchStrategy: all) did not find any beans (OnBeanCondition)

   SpringDataWebAutoConfiguration#sortCustomizer matched:
      - @ConditionalOnMissingBean (types: org.springframework.data.web.config.SortHandlerMethodArgumentResolverCustomizer; SearchStrategy: all) did not find any beans (OnBeanCondition)

   SpringDataWebAutoConfiguration#springDataWebSettings matched:
      - @ConditionalOnMissingBean (types: org.springframework.data.web.config.SpringDataWebSettings; SearchStrategy: all) did not find any beans (OnBeanCondition)

   SpringDocConfigProperties matched:
      - @ConditionalOnProperty (springdoc.api-docs.enabled) matched (OnPropertyCondition)
      - @ConditionalOnBean (types: org.springdoc.core.configuration.SpringDocConfiguration; SearchStrategy: all) found bean 'org.springdoc.core.configuration.SpringDocConfiguration' (OnBeanCondition)

   SpringDocConfiguration matched:
      - @ConditionalOnWebApplication (required) found 'session' scope (OnWebApplicationCondition)
      - @ConditionalOnProperty (springdoc.api-docs.enabled) matched (OnPropertyCondition)

   SpringDocConfiguration#fileSupportConverter matched:
      - @ConditionalOnMissingBean (types: org.springdoc.core.converters.FileSupportConverter; SearchStrategy: all) did not find any beans (OnBeanCondition)

   SpringDocConfiguration#globalOpenApiCustomizer matched:
      - @ConditionalOnMissingBean (types: org.springdoc.core.customizers.GlobalOpenApiCustomizer; SearchStrategy: all) did not find any beans (OnBeanCondition)

   SpringDocConfiguration#openAPIBuilder matched:
      - @ConditionalOnMissingBean (types: org.springdoc.core.service.OpenAPIService; SearchStrategy: all) did not find any beans (OnBeanCondition)

   SpringDocConfiguration#operationBuilder matched:
      - @ConditionalOnMissingBean (types: org.springdoc.core.service.OperationService; SearchStrategy: all) did not find any beans (OnBeanCondition)

   SpringDocConfiguration#parameterBuilder matched:
      - @ConditionalOnMissingBean (types: org.springdoc.core.service.GenericParameterService; SearchStrategy: all) did not find any beans (OnBeanCondition)

   SpringDocConfiguration#parameterObjectNamingStrategyCustomizer matched:
      - @ConditionalOnMissingBean (types: org.springdoc.core.customizers.ParameterObjectNamingStrategyCustomizer; SearchStrategy: all) did not find any beans (OnBeanCondition)

   SpringDocConfiguration#polymorphicModelConverter matched:
      - @ConditionalOnProperty (springdoc.model-converters.polymorphic-converter.enabled) matched (OnPropertyCondition)
      - @ConditionalOnMissingBean (types: org.springdoc.core.converters.PolymorphicModelConverter; SearchStrategy: all) did not find any beans (OnBeanCondition)

   SpringDocConfiguration#requestBodyBuilder matched:
      - @ConditionalOnMissingBean (types: org.springdoc.core.service.RequestBodyService; SearchStrategy: all) did not find any beans (OnBeanCondition)

   SpringDocConfiguration#responseSupportConverter matched:
      - @ConditionalOnMissingBean (types: org.springdoc.core.converters.ResponseSupportConverter; SearchStrategy: all) did not find any beans (OnBeanCondition)

   SpringDocConfiguration#schemaPropertyDeprecatingConverter matched:
      - @ConditionalOnProperty (springdoc.model-converters.deprecating-converter.enabled) matched (OnPropertyCondition)
      - @ConditionalOnMissingBean (types: org.springdoc.core.converters.SchemaPropertyDeprecatingConverter; SearchStrategy: all) did not find any beans (OnBeanCondition)

   SpringDocConfiguration#securityParser matched:
      - @ConditionalOnMissingBean (types: org.springdoc.core.service.SecurityService; SearchStrategy: all) did not find any beans (OnBeanCondition)

   SpringDocConfiguration#springDocCustomizers matched:
      - @ConditionalOnMissingBean (types: org.springdoc.core.customizers.SpringDocCustomizers; SearchStrategy: all) did not find any beans (OnBeanCondition)

   SpringDocConfiguration#springDocProviders matched:
      - @ConditionalOnMissingBean (types: org.springdoc.core.providers.SpringDocProviders; SearchStrategy: all) did not find any beans (OnBeanCondition)

   SpringDocConfiguration#springdocObjectMapperProvider matched:
      - @ConditionalOnMissingBean (types: org.springdoc.core.providers.ObjectMapperProvider; SearchStrategy: all) did not find any beans (OnBeanCondition)

   SpringDocConfiguration.QuerydslProvider matched:
      - @ConditionalOnClass found required class 'org.springframework.data.querydsl.binding.QuerydslBindingsFactory' (OnClassCondition)

   SpringDocConfiguration.QuerydslProvider#queryDslQuerydslPredicateOperationCustomizer matched:
      - @ConditionalOnMissingBean (types: org.springdoc.core.customizers.QuerydslPredicateOperationCustomizer; SearchStrategy: all) did not find any beans (OnBeanCondition)

   SpringDocConfiguration.SpringDocSpringDataWebPropertiesProvider matched:
      - @ConditionalOnClass found required class 'org.springframework.boot.autoconfigure.data.web.SpringDataWebProperties' (OnClassCondition)

   SpringDocConfiguration.SpringDocSpringDataWebPropertiesProvider#springDataWebPropertiesProvider matched:
      - @ConditionalOnMissingBean (types: org.springdoc.core.providers.SpringDataWebPropertiesProvider; SearchStrategy: all) did not find any beans (OnBeanCondition)

   SpringDocConfiguration.WebConversionServiceConfiguration matched:
      - @ConditionalOnClass found required class 'org.springframework.boot.autoconfigure.web.format.WebConversionService' (OnClassCondition)

   SpringDocKotlinConfiguration matched:
      - @ConditionalOnClass found required class 'kotlin.coroutines.Continuation' (OnClassCondition)
      - @ConditionalOnWebApplication (required) found 'session' scope (OnWebApplicationCondition)
      - @ConditionalOnProperty (springdoc.api-docs.enabled) matched (OnPropertyCondition)
      - @ConditionalOnExpression (#{${springdoc.api-docs.enabled:true} and ${springdoc.enable-kotlin:true}}) resulted in true (OnExpressionCondition)
      - @ConditionalOnBean (types: org.springdoc.core.configuration.SpringDocConfiguration; SearchStrategy: all) found bean 'org.springdoc.core.configuration.SpringDocConfiguration' (OnBeanCondition)

   SpringDocKotlinConfiguration#nullableKotlinRequestParameterCustomizer matched:
      - @ConditionalOnProperty (springdoc.nullable-request-parameter-enabled) matched (OnPropertyCondition)
      - @ConditionalOnMissingBean (types: org.springdoc.core.customizers.ParameterCustomizer; SearchStrategy: all) did not find any beans (OnBeanCondition)

   SpringDocPageableConfiguration matched:
      - @ConditionalOnClass found required class 'org.springframework.data.domain.Pageable' (OnClassCondition)
      - @ConditionalOnWebApplication (required) found 'session' scope (OnWebApplicationCondition)
      - @ConditionalOnProperty (springdoc.api-docs.enabled) matched (OnPropertyCondition)
      - @ConditionalOnBean (types: org.springdoc.core.configuration.SpringDocConfiguration; SearchStrategy: all) found bean 'org.springdoc.core.configuration.SpringDocConfiguration' (OnBeanCondition)

   SpringDocPageableConfiguration#dataRestDelegatingMethodParameterCustomizer matched:
      - @ConditionalOnMissingBean (types: org.springdoc.core.customizers.DataRestDelegatingMethodParameterCustomizer; SearchStrategy: all) did not find any beans (OnBeanCondition)

   SpringDocPageableConfiguration#pageOpenAPIConverter matched:
      - @ConditionalOnClass found required classes 'org.springframework.data.web.PagedModel', 'org.springframework.data.web.config.SpringDataWebSettings' (OnClassCondition)
      - @ConditionalOnMissingBean (types: org.springdoc.core.converters.PageOpenAPIConverter; SearchStrategy: all) did not find any beans (OnBeanCondition)

   SpringDocPageableConfiguration#pageableOpenAPIConverter matched:
      - @ConditionalOnProperty (springdoc.model-converters.pageable-converter.enabled) matched (OnPropertyCondition)
      - @ConditionalOnMissingBean (types: org.springdoc.core.converters.PageableOpenAPIConverter; SearchStrategy: all) did not find any beans (OnBeanCondition)

   SpringDocSecurityConfiguration matched:
      - @ConditionalOnClass found required class 'org.springframework.security.web.SecurityFilterChain' (OnClassCondition)
      - @ConditionalOnWebApplication (required) found 'session' scope (OnWebApplicationCondition)
      - @ConditionalOnExpression (#{${springdoc.api-docs.enabled:true} and ${springdoc.enable-spring-security:true}}) resulted in true (OnExpressionCondition)
      - @ConditionalOnBean (types: org.springdoc.core.configuration.SpringDocConfiguration; SearchStrategy: all) found bean 'org.springdoc.core.configuration.SpringDocConfiguration' (OnBeanCondition)

   SpringDocSecurityConfiguration.SpringSecurityLoginEndpointConfiguration matched:
      - @ConditionalOnClass found required class 'jakarta.servlet.Filter' (OnClassCondition)

   SpringDocSortConfiguration matched:
      - @ConditionalOnClass found required class 'org.springframework.data.domain.Sort' (OnClassCondition)
      - @ConditionalOnWebApplication (required) found 'session' scope (OnWebApplicationCondition)
      - @ConditionalOnProperty (springdoc.api-docs.enabled) matched (OnPropertyCondition)
      - @ConditionalOnBean (types: org.springdoc.core.configuration.SpringDocConfiguration; SearchStrategy: all) found bean 'org.springdoc.core.configuration.SpringDocConfiguration' (OnBeanCondition)

   SpringDocSortConfiguration#sortOpenAPIConverter matched:
      - @ConditionalOnProperty (springdoc.sort-converter.enabled) matched (OnPropertyCondition)
      - @ConditionalOnMissingBean (types: org.springdoc.core.converters.SortOpenAPIConverter; SearchStrategy: all) did not find any beans (OnBeanCondition)

   SpringDocUIConfiguration matched:
      - @ConditionalOnWebApplication (required) found 'session' scope (OnWebApplicationCondition)
      - @ConditionalOnBean (types: org.springdoc.core.configuration.SpringDocConfiguration; SearchStrategy: all) found bean 'org.springdoc.core.configuration.SpringDocConfiguration' (OnBeanCondition)

   SpringDocWebMvcConfiguration matched:
      - found 'session' scope (OnWebApplicationCondition)
      - @ConditionalOnProperty (springdoc.api-docs.enabled) matched (OnPropertyCondition)
      - @ConditionalOnBean (types: org.springdoc.core.configuration.SpringDocConfiguration; SearchStrategy: all) found bean 'org.springdoc.core.configuration.SpringDocConfiguration' (OnBeanCondition)

   SpringDocWebMvcConfiguration#openApiResource matched:
      - @ConditionalOnExpression (#{(${springdoc.use-management-port:false} == false ) and ${springdoc.enable-default-api-docs:true}}) resulted in true (OnExpressionCondition)
      - @ConditionalOnMissingBean (types: org.springdoc.webmvc.api.OpenApiWebMvcResource; SearchStrategy: all) did not find any beans (OnBeanCondition)

   SpringDocWebMvcConfiguration#requestBuilder matched:
      - @ConditionalOnMissingBean (types: org.springdoc.webmvc.core.service.RequestService; SearchStrategy: all) did not find any beans (OnBeanCondition)

   SpringDocWebMvcConfiguration#responseBuilder matched:
      - @ConditionalOnMissingBean (types: org.springdoc.core.service.GenericResponseService; SearchStrategy: all) did not find any beans (OnBeanCondition)

   SpringDocWebMvcConfiguration#springWebProvider matched:
      - @ConditionalOnMissingBean (types: org.springdoc.core.providers.SpringWebProvider; SearchStrategy: all) did not find any beans (OnBeanCondition)

   SpringDocWebMvcConfiguration.SpringDocWebMvcRouterConfiguration matched:
      - @ConditionalOnClass found required class 'org.springframework.web.servlet.function.RouterFunction' (OnClassCondition)

   SpringDocWebMvcConfiguration.SpringDocWebMvcRouterConfiguration#routerFunctionProvider matched:
      - @ConditionalOnMissingBean (types: org.springdoc.webmvc.core.providers.RouterFunctionWebMvcProvider; SearchStrategy: all) did not find any beans (OnBeanCondition)

   SqlInitializationAutoConfiguration matched:
      - @ConditionalOnBooleanProperty (spring.sql.init.enabled=true) matched (OnPropertyCondition)
      - NoneNestedConditions 0 matched 1 did not; NestedCondition on SqlInitializationAutoConfiguration.SqlInitializationModeCondition.ModeIsNever @ConditionalOnProperty (spring.sql.init.mode=never) did not find property 'spring.sql.init.mode' (SqlInitializationAutoConfiguration.SqlInitializationModeCondition)

   SslAutoConfiguration#sslBundleRegistry matched:
      - @ConditionalOnMissingBean (types: org.springframework.boot.ssl.SslBundleRegistry,org.springframework.boot.ssl.SslBundles; SearchStrategy: all) did not find any beans (OnBeanCondition)

   SwaggerConfig matched:
      - found 'session' scope (OnWebApplicationCondition)
      - @ConditionalOnProperty (springdoc.swagger-ui.enabled) matched (OnPropertyCondition)
      - @ConditionalOnBean (types: org.springdoc.core.configuration.SpringDocConfiguration; SearchStrategy: all) found bean 'org.springdoc.core.configuration.SpringDocConfiguration' (OnBeanCondition)

   SwaggerConfig#indexPageTransformer matched:
      - @ConditionalOnMissingBean (types: org.springdoc.webmvc.ui.SwaggerIndexTransformer; SearchStrategy: all) did not find any beans (OnBeanCondition)

   SwaggerConfig#swaggerConfigResource matched:
      - @ConditionalOnProperty (springdoc.use-management-port=false) matched (OnPropertyCondition)
      - @ConditionalOnMissingBean (types: org.springdoc.webmvc.ui.SwaggerConfigResource; SearchStrategy: all) did not find any beans (OnBeanCondition)

   SwaggerConfig#swaggerResourceResolver matched:
      - @ConditionalOnMissingBean (types: org.springdoc.webmvc.ui.SwaggerResourceResolver; SearchStrategy: all) did not find any beans (OnBeanCondition)

   SwaggerConfig#swaggerWebMvcConfigurer matched:
      - @ConditionalOnMissingBean (types: org.springdoc.webmvc.ui.SwaggerWebMvcConfigurer; SearchStrategy: all) did not find any beans (OnBeanCondition)

   SwaggerConfig#swaggerWelcome matched:
      - @ConditionalOnProperty (springdoc.use-management-port=false) matched (OnPropertyCondition)
      - @ConditionalOnMissingBean (types: org.springdoc.webmvc.ui.SwaggerWelcomeWebMvc; SearchStrategy: all) did not find any beans (OnBeanCondition)

   SwaggerUiConfigProperties matched:
      - @ConditionalOnProperty (springdoc.swagger-ui.enabled) matched (OnPropertyCondition)
      - @ConditionalOnBean (types: org.springdoc.core.configuration.SpringDocConfiguration; SearchStrategy: all) found bean 'org.springdoc.core.configuration.SpringDocConfiguration' (OnBeanCondition)

   SwaggerUiOAuthProperties matched:
      - @ConditionalOnProperty (springdoc.swagger-ui.enabled) matched (OnPropertyCondition)
      - @ConditionalOnBean (types: org.springdoc.core.configuration.SpringDocConfiguration; SearchStrategy: all) found bean 'org.springdoc.core.configuration.SpringDocConfiguration' (OnBeanCondition)

   TaskExecutionAutoConfiguration matched:
      - @ConditionalOnClass found required class 'org.springframework.scheduling.concurrent.ThreadPoolTaskExecutor' (OnClassCondition)

   TaskExecutorConfigurations.AsyncConfigurerConfiguration matched:
      - @ConditionalOnMissingBean (types: org.springframework.scheduling.annotation.AsyncConfigurer; SearchStrategy: all) did not find any beans (OnBeanCondition)

   TaskExecutorConfigurations.AsyncConfigurerConfiguration#applicationTaskExecutorAsyncConfigurer matched:
      - @ConditionalOnMissingBean (types: org.springframework.scheduling.annotation.AsyncConfigurer; SearchStrategy: all) did not find any beans (OnBeanCondition)

   TaskExecutorConfigurations.SimpleAsyncTaskExecutorBuilderConfiguration#simpleAsyncTaskExecutorBuilder matched:
      - @ConditionalOnMissingBean (types: org.springframework.boot.task.SimpleAsyncTaskExecutorBuilder; SearchStrategy: all) did not find any beans (OnBeanCondition)
      - @ConditionalOnThreading found PLATFORM (OnThreadingCondition)

   TaskExecutorConfigurations.TaskExecutorConfiguration matched:
      - AnyNestedCondition 1 matched 1 did not; NestedCondition on TaskExecutorConfigurations.OnExecutorCondition.ModelCondition @ConditionalOnProperty (spring.task.execution.mode=force) did not find property 'spring.task.execution.mode'; NestedCondition on TaskExecutorConfigurations.OnExecutorCondition.ExecutorBeanCondition @ConditionalOnMissingBean (types: java.util.concurrent.Executor; SearchStrategy: all) did not find any beans (TaskExecutorConfigurations.OnExecutorCondition)

   TaskExecutorConfigurations.TaskExecutorConfiguration#applicationTaskExecutor matched:
      - @ConditionalOnThreading found PLATFORM (OnThreadingCondition)

   TaskExecutorConfigurations.ThreadPoolTaskExecutorBuilderConfiguration#threadPoolTaskExecutorBuilder matched:
      - @ConditionalOnMissingBean (types: org.springframework.boot.task.ThreadPoolTaskExecutorBuilder; SearchStrategy: all) did not find any beans (OnBeanCondition)

   TaskSchedulingAutoConfiguration matched:
      - @ConditionalOnClass found required class 'org.springframework.scheduling.concurrent.ThreadPoolTaskScheduler' (OnClassCondition)

   TaskSchedulingAutoConfiguration#scheduledBeanLazyInitializationExcludeFilter matched:
      - @ConditionalOnBean (names: org.springframework.context.annotation.internalScheduledAnnotationProcessor; SearchStrategy: all) found bean 'org.springframework.context.annotation.internalScheduledAnnotationProcessor' (OnBeanCondition)

   TaskSchedulingConfigurations.SimpleAsyncTaskSchedulerBuilderConfiguration#simpleAsyncTaskSchedulerBuilder matched:
      - @ConditionalOnMissingBean (types: org.springframework.boot.task.SimpleAsyncTaskSchedulerBuilder; SearchStrategy: all) did not find any beans (OnBeanCondition)
      - @ConditionalOnThreading found PLATFORM (OnThreadingCondition)

   TaskSchedulingConfigurations.TaskSchedulerConfiguration matched:
      - @ConditionalOnBean (names: org.springframework.context.annotation.internalScheduledAnnotationProcessor; SearchStrategy: all) found bean 'org.springframework.context.annotation.internalScheduledAnnotationProcessor'; @ConditionalOnMissingBean (types: org.springframework.scheduling.TaskScheduler,java.util.concurrent.ScheduledExecutorService; SearchStrategy: all) did not find any beans (OnBeanCondition)

   TaskSchedulingConfigurations.TaskSchedulerConfiguration#taskScheduler matched:
      - @ConditionalOnThreading found PLATFORM (OnThreadingCondition)

   TaskSchedulingConfigurations.ThreadPoolTaskSchedulerBuilderConfiguration#threadPoolTaskSchedulerBuilder matched:
      - @ConditionalOnMissingBean (types: org.springframework.boot.task.ThreadPoolTaskSchedulerBuilder; SearchStrategy: all) did not find any beans (OnBeanCondition)

   TemplateEngineConfigurations.DefaultTemplateEngineConfiguration#templateEngine matched:
      - @ConditionalOnMissingBean (types: org.thymeleaf.spring6.ISpringTemplateEngine; SearchStrategy: all) did not find any beans (OnBeanCondition)

   ThymeleafAutoConfiguration matched:
      - @ConditionalOnClass found required classes 'org.thymeleaf.templatemode.TemplateMode', 'org.thymeleaf.spring6.SpringTemplateEngine' (OnClassCondition)

   ThymeleafAutoConfiguration.DefaultTemplateResolverConfiguration matched:
      - @ConditionalOnMissingBean (names: defaultTemplateResolver; SearchStrategy: all) did not find any beans (OnBeanCondition)

   ThymeleafAutoConfiguration.ThymeleafWebMvcConfiguration matched:
      - found 'session' scope (OnWebApplicationCondition)
      - @ConditionalOnBooleanProperty (spring.thymeleaf.enabled=true) matched (OnPropertyCondition)

   ThymeleafAutoConfiguration.ThymeleafWebMvcConfiguration#resourceUrlEncodingFilter matched:
      - @ConditionalOnEnabledResourceChain found class org.webjars.WebJarVersionLocator (OnEnabledResourceChainCondition)
      - @ConditionalOnMissingBean (types: org.springframework.web.servlet.resource.ResourceUrlEncodingFilter; SearchStrategy: all) did not find any beans (OnBeanCondition)

   ThymeleafAutoConfiguration.ThymeleafWebMvcConfiguration.ThymeleafViewResolverConfiguration matched:
      - @ConditionalOnClass found required class 'org.springframework.web.servlet.view.AbstractCachingViewResolver' (OnClassCondition)

   ThymeleafAutoConfiguration.ThymeleafWebMvcConfiguration.ThymeleafViewResolverConfiguration#thymeleafViewResolver matched:
      - @ConditionalOnMissingBean (names: thymeleafViewResolver; SearchStrategy: all) did not find any beans (OnBeanCondition)

   TransactionAutoConfiguration matched:
      - @ConditionalOnClass found required class 'org.springframework.transaction.PlatformTransactionManager' (OnClassCondition)

   TransactionAutoConfiguration.EnableTransactionManagementConfiguration matched:
      - @ConditionalOnBean (types: org.springframework.transaction.TransactionManager; SearchStrategy: all) found bean 'transactionManager'; @ConditionalOnMissingBean (types: org.springframework.transaction.annotation.AbstractTransactionManagementConfiguration; SearchStrategy: all) did not find any beans (OnBeanCondition)

   TransactionAutoConfiguration.EnableTransactionManagementConfiguration.CglibAutoProxyConfiguration matched:
      - @ConditionalOnBooleanProperty (spring.aop.proxy-target-class=true) matched (OnPropertyCondition)

   TransactionAutoConfiguration.TransactionTemplateConfiguration matched:
      - @ConditionalOnSingleCandidate (types: org.springframework.transaction.PlatformTransactionManager; SearchStrategy: all) found a single bean 'transactionManager' (OnBeanCondition)

   TransactionAutoConfiguration.TransactionTemplateConfiguration#transactionTemplate matched:
      - @ConditionalOnMissingBean (types: org.springframework.transaction.support.TransactionOperations; SearchStrategy: all) did not find any beans (OnBeanCondition)

   TransactionManagerCustomizationAutoConfiguration matched:
      - @ConditionalOnClass found required class 'org.springframework.transaction.PlatformTransactionManager' (OnClassCondition)

   TransactionManagerCustomizationAutoConfiguration#platformTransactionManagerCustomizers matched:
      - @ConditionalOnMissingBean (types: org.springframework.boot.autoconfigure.transaction.TransactionManagerCustomizers; SearchStrategy: all) did not find any beans (OnBeanCondition)

   ValidationAutoConfiguration matched:
      - @ConditionalOnClass found required class 'jakarta.validation.executable.ExecutableValidator' (OnClassCondition)
      - @ConditionalOnResource found location classpath:META-INF/services/jakarta.validation.spi.ValidationProvider (OnResourceCondition)

   ValidationAutoConfiguration#defaultValidator matched:
      - @ConditionalOnMissingBean (types: jakarta.validation.Validator; SearchStrategy: all) did not find any beans (OnBeanCondition)

   ValidationAutoConfiguration#methodValidationPostProcessor matched:
      - @ConditionalOnMissingBean (types: org.springframework.validation.beanvalidation.MethodValidationPostProcessor; SearchStrategy: current) did not find any beans (OnBeanCondition)

   WebMvcAutoConfiguration matched:
      - @ConditionalOnClass found required classes 'jakarta.servlet.Servlet', 'org.springframework.web.servlet.DispatcherServlet', 'org.springframework.web.servlet.config.annotation.WebMvcConfigurer' (OnClassCondition)
      - found 'session' scope (OnWebApplicationCondition)
      - @ConditionalOnMissingBean (types: org.springframework.web.servlet.config.annotation.WebMvcConfigurationSupport; SearchStrategy: all) did not find any beans (OnBeanCondition)

   WebMvcAutoConfiguration#formContentFilter matched:
      - @ConditionalOnBooleanProperty (spring.mvc.formcontent.filter.enabled=true) matched (OnPropertyCondition)
      - @ConditionalOnMissingBean (types: org.springframework.web.filter.FormContentFilter; SearchStrategy: all) did not find any beans (OnBeanCondition)

   WebMvcAutoConfiguration.EnableWebMvcConfiguration#flashMapManager matched:
      - @ConditionalOnMissingBean (names: flashMapManager; SearchStrategy: all) did not find any beans (OnBeanCondition)

   WebMvcAutoConfiguration.EnableWebMvcConfiguration#localeResolver matched:
      - @ConditionalOnMissingBean (names: localeResolver; SearchStrategy: all) did not find any beans (OnBeanCondition)

   WebMvcAutoConfiguration.EnableWebMvcConfiguration#themeResolver matched:
      - @ConditionalOnMissingBean (names: themeResolver; SearchStrategy: all) did not find any beans (OnBeanCondition)

   WebMvcAutoConfiguration.EnableWebMvcConfiguration#viewNameTranslator matched:
      - @ConditionalOnMissingBean (names: viewNameTranslator; SearchStrategy: all) did not find any beans (OnBeanCondition)

   WebMvcAutoConfiguration.ResourceChainCustomizerConfiguration matched:
      - @ConditionalOnEnabledResourceChain found class org.webjars.WebJarVersionLocator (OnEnabledResourceChainCondition)

   WebMvcAutoConfiguration.WebMvcAutoConfigurationAdapter#defaultViewResolver matched:
      - @ConditionalOnMissingBean (types: org.springframework.web.servlet.view.InternalResourceViewResolver; SearchStrategy: all) did not find any beans (OnBeanCondition)

   WebMvcAutoConfiguration.WebMvcAutoConfigurationAdapter#requestContextFilter matched:
      - @ConditionalOnMissingBean (types: org.springframework.web.context.request.RequestContextListener,org.springframework.web.filter.RequestContextFilter; SearchStrategy: all) did not find any beans (OnBeanCondition)

   WebMvcAutoConfiguration.WebMvcAutoConfigurationAdapter#viewResolver matched:
      - @ConditionalOnBean (types: org.springframework.web.servlet.ViewResolver; SearchStrategy: all) found beans 'defaultViewResolver', 'beanNameViewResolver', 'mvcViewResolver'; @ConditionalOnMissingBean (names: viewResolver types: org.springframework.web.servlet.view.ContentNegotiatingViewResolver; SearchStrategy: all) did not find any beans (OnBeanCondition)

   WebSocketServletAutoConfiguration matched:
      - @ConditionalOnClass found required classes 'jakarta.servlet.Servlet', 'jakarta.websocket.server.ServerContainer' (OnClassCondition)
      - found 'session' scope (OnWebApplicationCondition)

   WebSocketServletAutoConfiguration.TomcatWebSocketConfiguration matched:
      - @ConditionalOnClass found required classes 'org.apache.catalina.startup.Tomcat', 'org.apache.tomcat.websocket.server.WsSci' (OnClassCondition)

   WebSocketServletAutoConfiguration.TomcatWebSocketConfiguration#websocketServletWebServerCustomizer matched:
      - @ConditionalOnMissingBean (names: websocketServletWebServerCustomizer; SearchStrategy: all) did not find any beans (OnBeanCondition)


Negative matches:
-----------------

   ActiveMQAutoConfiguration:
      Did not match:
         - @ConditionalOnClass did not find required class 'jakarta.jms.ConnectionFactory' (OnClassCondition)

   AopAutoConfiguration.AspectJAutoProxyingConfiguration.JdkDynamicAutoProxyConfiguration:
      Did not match:
         - @ConditionalOnBooleanProperty (spring.aop.proxy-target-class=false) did not find property 'spring.aop.proxy-target-class' (OnPropertyCondition)

   AopAutoConfiguration.ClassProxyingConfiguration:
      Did not match:
         - @ConditionalOnMissingClass found unwanted class 'org.aspectj.weaver.Advice' (OnClassCondition)

   ArtemisAutoConfiguration:
      Did not match:
         - @ConditionalOnClass did not find required class 'jakarta.jms.ConnectionFactory' (OnClassCondition)

   BatchAutoConfiguration:
      Did not match:
         - @ConditionalOnClass did not find required class 'org.springframework.batch.core.launch.JobLauncher' (OnClassCondition)

   Cache2kCacheConfiguration:
      Did not match:
         - @ConditionalOnClass did not find required class 'org.cache2k.Cache2kBuilder' (OnClassCondition)

   CaffeineCacheConfiguration:
      Did not match:
         - @ConditionalOnClass did not find required class 'com.github.benmanes.caffeine.cache.Caffeine' (OnClassCondition)

   CassandraAutoConfiguration:
      Did not match:
         - @ConditionalOnClass did not find required class 'com.datastax.oss.driver.api.core.CqlSession' (OnClassCondition)

   CassandraDataAutoConfiguration:
      Did not match:
         - @ConditionalOnClass did not find required class 'com.datastax.oss.driver.api.core.CqlSession' (OnClassCondition)

   CassandraReactiveDataAutoConfiguration:
      Did not match:
         - @ConditionalOnClass did not find required class 'com.datastax.oss.driver.api.core.CqlSession' (OnClassCondition)

   CassandraReactiveRepositoriesAutoConfiguration:
      Did not match:
         - @ConditionalOnClass did not find required class 'org.springframework.data.cassandra.ReactiveSession' (OnClassCondition)

   CassandraRepositoriesAutoConfiguration:
      Did not match:
         - @ConditionalOnClass did not find required class 'com.datastax.oss.driver.api.core.CqlSession' (OnClassCondition)

   org.springframework.boot.autoconfigure.http.client.reactive.ClientHttpConnectorAutoConfiguration:
      Did not match:
         - @ConditionalOnClass did not find required class 'reactor.core.publisher.Mono' (OnClassCondition)

   org.springframework.boot.autoconfigure.web.reactive.function.client.ClientHttpConnectorAutoConfiguration:
      Did not match:
         - @ConditionalOnClass did not find required class 'org.springframework.web.reactive.function.client.WebClient' (OnClassCondition)

   CodecsAutoConfiguration:
      Did not match:
         - @ConditionalOnClass did not find required class 'org.springframework.web.reactive.function.client.WebClient' (OnClassCondition)

   CouchbaseAutoConfiguration:
      Did not match:
         - @ConditionalOnClass did not find required class 'com.couchbase.client.java.Cluster' (OnClassCondition)

   CouchbaseCacheConfiguration:
      Did not match:
         - @ConditionalOnClass did not find required class 'com.couchbase.client.java.Cluster' (OnClassCondition)

   CouchbaseDataAutoConfiguration:
      Did not match:
         - @ConditionalOnClass did not find required class 'com.couchbase.client.java.Bucket' (OnClassCondition)

   CouchbaseReactiveDataAutoConfiguration:
      Did not match:
         - @ConditionalOnClass did not find required class 'com.couchbase.client.java.Cluster' (OnClassCondition)

   CouchbaseReactiveRepositoriesAutoConfiguration:
      Did not match:
         - @ConditionalOnClass did not find required class 'com.couchbase.client.java.Cluster' (OnClassCondition)

   CouchbaseRepositoriesAutoConfiguration:
      Did not match:
         - @ConditionalOnClass did not find required class 'com.couchbase.client.java.Bucket' (OnClassCondition)

   DataSourceAutoConfiguration.EmbeddedDatabaseConfiguration:
      Did not match:
         - EmbeddedDataSource spring.datasource.url is set (DataSourceAutoConfiguration.EmbeddedDatabaseCondition)

   DataSourceCheckpointRestoreConfiguration:
      Did not match:
         - @ConditionalOnClass did not find required class 'org.crac.Resource' (OnClassCondition)

   DataSourceConfiguration.Dbcp2:
      Did not match:
         - @ConditionalOnClass did not find required class 'org.apache.commons.dbcp2.BasicDataSource' (OnClassCondition)

   DataSourceConfiguration.Generic:
      Did not match:
         - @ConditionalOnProperty (spring.datasource.type) did not find property 'spring.datasource.type' (OnPropertyCondition)

   DataSourceConfiguration.OracleUcp:
      Did not match:
         - @ConditionalOnClass did not find required classes 'oracle.ucp.jdbc.PoolDataSourceImpl', 'oracle.jdbc.OracleConnection' (OnClassCondition)

   DataSourceConfiguration.Tomcat:
      Did not match:
         - @ConditionalOnClass did not find required class 'org.apache.tomcat.jdbc.pool.DataSource' (OnClassCondition)

   DataSourceJmxConfiguration:
      Did not match:
         - @ConditionalOnBooleanProperty (spring.jmx.enabled=true) did not find property 'spring.jmx.enabled' (OnPropertyCondition)

   DataSourcePoolMetadataProvidersConfiguration.CommonsDbcp2PoolDataSourceMetadataProviderConfiguration:
      Did not match:
         - @ConditionalOnClass did not find required class 'org.apache.commons.dbcp2.BasicDataSource' (OnClassCondition)

   DataSourcePoolMetadataProvidersConfiguration.OracleUcpPoolDataSourceMetadataProviderConfiguration:
      Did not match:
         - @ConditionalOnClass did not find required classes 'oracle.ucp.jdbc.PoolDataSource', 'oracle.jdbc.OracleConnection' (OnClassCondition)

   DataSourcePoolMetadataProvidersConfiguration.TomcatDataSourcePoolMetadataProviderConfiguration:
      Did not match:
         - @ConditionalOnClass did not find required class 'org.apache.tomcat.jdbc.pool.DataSource' (OnClassCondition)

   DataSourceTransactionManagerAutoConfiguration.JdbcTransactionManagerConfiguration#transactionManager:
      Did not match:
         - @ConditionalOnMissingBean (types: org.springframework.transaction.TransactionManager; SearchStrategy: all) found beans of type 'org.springframework.transaction.TransactionManager' transactionManager (OnBeanCondition)

   DispatcherServletAutoConfiguration.DispatcherServletConfiguration#multipartResolver:
      Did not match:
         - @ConditionalOnBean (types: org.springframework.web.multipart.MultipartResolver; SearchStrategy: all) did not find any beans of type org.springframework.web.multipart.MultipartResolver (OnBeanCondition)

   ElasticsearchClientAutoConfiguration:
      Did not match:
         - @ConditionalOnClass did not find required class 'co.elastic.clients.elasticsearch.ElasticsearchClient' (OnClassCondition)

   ElasticsearchDataAutoConfiguration:
      Did not match:
         - @ConditionalOnClass did not find required class 'org.springframework.data.elasticsearch.client.elc.ElasticsearchTemplate' (OnClassCondition)

   ElasticsearchRepositoriesAutoConfiguration:
      Did not match:
         - @ConditionalOnClass did not find required class 'org.springframework.data.elasticsearch.repository.ElasticsearchRepository' (OnClassCondition)

   ElasticsearchRestClientAutoConfiguration:
      Did not match:
         - @ConditionalOnClass did not find required class 'org.elasticsearch.client.RestClientBuilder' (OnClassCondition)

   EmbeddedLdapAutoConfiguration:
      Did not match:
         - @ConditionalOnClass did not find required class 'com.unboundid.ldap.listener.InMemoryDirectoryServer' (OnClassCondition)

   EmbeddedWebServerFactoryCustomizerAutoConfiguration.JettyWebServerFactoryCustomizerConfiguration:
      Did not match:
         - @ConditionalOnClass did not find required classes 'org.eclipse.jetty.server.Server', 'org.eclipse.jetty.util.Loader', 'org.eclipse.jetty.ee10.webapp.WebAppContext' (OnClassCondition)

   EmbeddedWebServerFactoryCustomizerAutoConfiguration.NettyWebServerFactoryCustomizerConfiguration:
      Did not match:
         - @ConditionalOnClass did not find required class 'reactor.netty.http.server.HttpServer' (OnClassCondition)

   EmbeddedWebServerFactoryCustomizerAutoConfiguration.TomcatWebServerFactoryCustomizerConfiguration#tomcatVirtualThreadsProtocolHandlerCustomizer:
      Did not match:
         - @ConditionalOnThreading did not find VIRTUAL (OnThreadingCondition)

   EmbeddedWebServerFactoryCustomizerAutoConfiguration.UndertowWebServerFactoryCustomizerConfiguration:
      Did not match:
         - @ConditionalOnClass did not find required classes 'io.undertow.Undertow', 'org.xnio.SslClientAuthMode' (OnClassCondition)

   ErrorWebFluxAutoConfiguration:
      Did not match:
         - @ConditionalOnClass did not find required class 'org.springframework.web.reactive.config.WebFluxConfigurer' (OnClassCondition)

   FlywayAutoConfiguration:
      Did not match:
         - @ConditionalOnClass did not find required class 'org.flywaydb.core.Flyway' (OnClassCondition)

   FreeMarkerAutoConfiguration:
      Did not match:
         - @ConditionalOnClass did not find required class 'freemarker.template.Configuration' (OnClassCondition)

   GenericCacheConfiguration:
      Did not match:
         - @ConditionalOnBean (types: org.springframework.cache.Cache; SearchStrategy: all) did not find any beans of type org.springframework.cache.Cache (OnBeanCondition)
      Matched:
         - Cache org.springframework.boot.autoconfigure.cache.GenericCacheConfiguration automatic cache type (CacheCondition)

   GraphQlAutoConfiguration:
      Did not match:
         - @ConditionalOnClass did not find required class 'graphql.GraphQL' (OnClassCondition)

   GraphQlQueryByExampleAutoConfiguration:
      Did not match:
         - @ConditionalOnClass did not find required class 'graphql.GraphQL' (OnClassCondition)

   GraphQlQuerydslAutoConfiguration:
      Did not match:
         - @ConditionalOnClass did not find required class 'com.querydsl.core.Query' (OnClassCondition)

   GraphQlRSocketAutoConfiguration:
      Did not match:
         - @ConditionalOnClass did not find required class 'graphql.GraphQL' (OnClassCondition)

   GraphQlReactiveQueryByExampleAutoConfiguration:
      Did not match:
         - @ConditionalOnClass did not find required class 'graphql.GraphQL' (OnClassCondition)

   GraphQlReactiveQuerydslAutoConfiguration:
      Did not match:
         - @ConditionalOnClass did not find required class 'com.querydsl.core.Query' (OnClassCondition)

   GraphQlWebFluxAutoConfiguration:
      Did not match:
         - @ConditionalOnClass did not find required class 'graphql.GraphQL' (OnClassCondition)

   GraphQlWebFluxSecurityAutoConfiguration:
      Did not match:
         - @ConditionalOnClass did not find required class 'graphql.GraphQL' (OnClassCondition)

   GraphQlWebMvcAutoConfiguration:
      Did not match:
         - @ConditionalOnClass did not find required class 'graphql.GraphQL' (OnClassCondition)

   GraphQlWebMvcSecurityAutoConfiguration:
      Did not match:
         - @ConditionalOnClass did not find required class 'graphql.GraphQL' (OnClassCondition)

   GroovyTemplateAutoConfiguration:
      Did not match:
         - @ConditionalOnClass did not find required class 'groovy.text.markup.MarkupTemplateEngine' (OnClassCondition)

   GsonHttpMessageConvertersConfiguration.GsonHttpMessageConverterConfiguration:
      Did not match:
         - AnyNestedCondition 0 matched 2 did not; NestedCondition on GsonHttpMessageConvertersConfiguration.PreferGsonOrJacksonAndJsonbUnavailableCondition.JacksonJsonbUnavailable NoneNestedConditions 1 matched 1 did not; NestedCondition on GsonHttpMessageConvertersConfiguration.JacksonAndJsonbUnavailableCondition.JsonbPreferred @ConditionalOnPreferredJsonMapper JSONB no property was configured and Jackson is the default; NestedCondition on GsonHttpMessageConvertersConfiguration.JacksonAndJsonbUnavailableCondition.JacksonAvailable @ConditionalOnBean (types: org.springframework.http.converter.json.MappingJackson2HttpMessageConverter; SearchStrategy: all) found bean 'mappingJackson2HttpMessageConverter'; NestedCondition on GsonHttpMessageConvertersConfiguration.PreferGsonOrJacksonAndJsonbUnavailableCondition.GsonPreferred @ConditionalOnPreferredJsonMapper GSON no property was configured and Jackson is the default (GsonHttpMessageConvertersConfiguration.PreferGsonOrJacksonAndJsonbUnavailableCondition)

   H2ConsoleAutoConfiguration:
      Did not match:
         - @ConditionalOnClass did not find required class 'org.h2.server.web.JakartaWebServlet' (OnClassCondition)

   HazelcastAutoConfiguration:
      Did not match:
         - @ConditionalOnClass did not find required class 'com.hazelcast.core.HazelcastInstance' (OnClassCondition)

   HazelcastCacheConfiguration:
      Did not match:
         - @ConditionalOnClass did not find required class 'com.hazelcast.core.HazelcastInstance' (OnClassCondition)

   HazelcastJpaDependencyAutoConfiguration:
      Did not match:
         - @ConditionalOnClass did not find required class 'com.hazelcast.core.HazelcastInstance' (OnClassCondition)

   HttpHandlerAutoConfiguration:
      Did not match:
         - @ConditionalOnClass did not find required class 'org.springframework.web.reactive.DispatcherHandler' (OnClassCondition)

   HypermediaAutoConfiguration:
      Did not match:
         - @ConditionalOnClass did not find required class 'org.springframework.hateoas.EntityModel' (OnClassCondition)

   InfinispanCacheConfiguration:
      Did not match:
         - @ConditionalOnClass did not find required class 'org.infinispan.spring.embedded.provider.SpringEmbeddedCacheManager' (OnClassCondition)

   IntegrationAutoConfiguration:
      Did not match:
         - @ConditionalOnClass did not find required class 'org.springframework.integration.config.EnableIntegration' (OnClassCondition)

   JCacheCacheConfiguration:
      Did not match:
         - @ConditionalOnClass did not find required class 'javax.cache.Caching' (OnClassCondition)

   JacksonHttpMessageConvertersConfiguration.MappingJackson2XmlHttpMessageConverterConfiguration:
      Did not match:
         - @ConditionalOnClass did not find required class 'com.fasterxml.jackson.dataformat.xml.XmlMapper' (OnClassCondition)

   JdbcRepositoriesAutoConfiguration:
      Did not match:
         - @ConditionalOnClass did not find required class 'org.springframework.data.jdbc.repository.config.AbstractJdbcConfiguration' (OnClassCondition)

   JerseyAutoConfiguration:
      Did not match:
         - @ConditionalOnClass did not find required class 'org.glassfish.jersey.server.spring.SpringComponentProvider' (OnClassCondition)

   JmsAutoConfiguration:
      Did not match:
         - @ConditionalOnClass did not find required class 'jakarta.jms.Message' (OnClassCondition)

   JmxAutoConfiguration:
      Did not match:
         - @ConditionalOnBooleanProperty (spring.jmx.enabled=true) did not find property 'spring.jmx.enabled' (OnPropertyCondition)
      Matched:
         - @ConditionalOnClass found required class 'org.springframework.jmx.export.MBeanExporter' (OnClassCondition)

   JndiConnectionFactoryAutoConfiguration:
      Did not match:
         - @ConditionalOnClass did not find required class 'org.springframework.jms.core.JmsTemplate' (OnClassCondition)

   JndiDataSourceAutoConfiguration:
      Did not match:
         - @ConditionalOnProperty (spring.datasource.jndi-name) did not find property 'spring.datasource.jndi-name' (OnPropertyCondition)
      Matched:
         - @ConditionalOnClass found required classes 'javax.sql.DataSource', 'org.springframework.jdbc.datasource.embedded.EmbeddedDatabaseType' (OnClassCondition)

   JndiJtaConfiguration:
      Did not match:
         - @ConditionalOnJndi JNDI environment is not available (OnJndiCondition)
      Matched:
         - @ConditionalOnClass found required class 'org.springframework.transaction.jta.JtaTransactionManager' (OnClassCondition)

   JooqAutoConfiguration:
      Did not match:
         - @ConditionalOnClass did not find required class 'org.jooq.DSLContext' (OnClassCondition)

   JpaRepositoriesAutoConfiguration#entityManagerFactoryBootstrapExecutorCustomizer:
      Did not match:
         - AnyNestedCondition 0 matched 2 did not; NestedCondition on JpaRepositoriesAutoConfiguration.BootstrapExecutorCondition.LazyBootstrapMode @ConditionalOnProperty (spring.data.jpa.repositories.bootstrap-mode=lazy) did not find property 'spring.data.jpa.repositories.bootstrap-mode'; NestedCondition on JpaRepositoriesAutoConfiguration.BootstrapExecutorCondition.DeferredBootstrapMode @ConditionalOnProperty (spring.data.jpa.repositories.bootstrap-mode=deferred) did not find property 'spring.data.jpa.repositories.bootstrap-mode' (JpaRepositoriesAutoConfiguration.BootstrapExecutorCondition)

   JsonbAutoConfiguration:
      Did not match:
         - @ConditionalOnClass did not find required class 'jakarta.json.bind.Jsonb' (OnClassCondition)

   JsonbHttpMessageConvertersConfiguration:
      Did not match:
         - @ConditionalOnClass did not find required class 'jakarta.json.bind.Jsonb' (OnClassCondition)

   KafkaAutoConfiguration:
      Did not match:
         - @ConditionalOnClass did not find required class 'org.springframework.kafka.core.KafkaTemplate' (OnClassCondition)

   LdapAutoConfiguration:
      Did not match:
         - @ConditionalOnClass did not find required class 'org.springframework.ldap.core.ContextSource' (OnClassCondition)

   LdapRepositoriesAutoConfiguration:
      Did not match:
         - @ConditionalOnClass did not find required class 'org.springframework.data.ldap.repository.LdapRepository' (OnClassCondition)

   LiquibaseAutoConfiguration:
      Did not match:
         - @ConditionalOnClass did not find required class 'liquibase.change.DatabaseChange' (OnClassCondition)

   MailSenderJndiConfiguration:
      Did not match:
         - @ConditionalOnProperty (spring.mail.jndi-name) did not find property 'spring.mail.jndi-name' (OnPropertyCondition)
      Matched:
         - @ConditionalOnClass found required class 'jakarta.mail.Session' (OnClassCondition)

   MailSenderValidatorAutoConfiguration:
      Did not match:
         - @ConditionalOnBooleanProperty (spring.mail.test-connection=true) found different value in property 'spring.mail.test-connection' (OnPropertyCondition)

   MessageSourceAutoConfiguration:
      Did not match:
         - ResourceBundle did not find bundle with basename messages (MessageSourceAutoConfiguration.ResourceBundleCondition)

   MongoAutoConfiguration:
      Did not match:
         - @ConditionalOnClass did not find required class 'com.mongodb.client.MongoClient' (OnClassCondition)

   MongoDataAutoConfiguration:
      Did not match:
         - @ConditionalOnClass did not find required class 'com.mongodb.client.MongoClient' (OnClassCondition)

   MongoReactiveAutoConfiguration:
      Did not match:
         - @ConditionalOnClass did not find required class 'com.mongodb.reactivestreams.client.MongoClient' (OnClassCondition)

   MongoReactiveDataAutoConfiguration:
      Did not match:
         - @ConditionalOnClass did not find required class 'com.mongodb.reactivestreams.client.MongoClient' (OnClassCondition)

   MongoReactiveRepositoriesAutoConfiguration:
      Did not match:
         - @ConditionalOnClass did not find required class 'com.mongodb.reactivestreams.client.MongoClient' (OnClassCondition)

   MongoRepositoriesAutoConfiguration:
      Did not match:
         - @ConditionalOnClass did not find required class 'com.mongodb.client.MongoClient' (OnClassCondition)

   MultipleOpenApiSupportConfiguration:
      Did not match:
         - AnyNestedCondition 0 matched 2 did not; NestedCondition on MultipleOpenApiSupportCondition.OnActuatorDifferentPort @ConditionalOnProperty (springdoc.show-actuator) did not find property 'springdoc.show-actuator'; NestedCondition on MultipleOpenApiSupportCondition.OnMultipleOpenApiSupportCondition AnyNestedCondition 0 matched 3 did not; NestedCondition on MultipleOpenApiGroupsCondition.OnListGroupedOpenApiBean @ConditionalOnBean (types: org.springdoc.core.models.GroupedOpenApi; SearchStrategy: all) did not find any beans of type org.springdoc.core.models.GroupedOpenApi; NestedCondition on MultipleOpenApiGroupsCondition.OnGroupConfigProperty @ConditionalOnProperty (springdoc.group-configs[0].group) did not find property 'springdoc.group-configs[0].group'; NestedCondition on MultipleOpenApiGroupsCondition.OnGroupedOpenApiBean @ConditionalOnBean (types: org.springdoc.core.models.GroupedOpenApi; SearchStrategy: all) did not find any beans of type org.springdoc.core.models.GroupedOpenApi (MultipleOpenApiSupportCondition)
      Matched:
         - found 'session' scope (OnWebApplicationCondition)
         - @ConditionalOnProperty (springdoc.api-docs.enabled) matched (OnPropertyCondition)

   MultipleOpenApiSupportConfiguration.SpringDocWebMvcActuatorDifferentConfiguration:
      Did not match:
         - @ConditionalOnClass did not find required class 'org.springframework.boot.actuate.endpoint.web.servlet.WebMvcEndpointHandlerMapping' (OnClassCondition)
         - Ancestor org.springdoc.webmvc.core.configuration.MultipleOpenApiSupportConfiguration did not match (ConditionEvaluationReport.AncestorsMatchedCondition)

   MustacheAutoConfiguration:
      Did not match:
         - @ConditionalOnClass did not find required class 'com.samskivert.mustache.Mustache' (OnClassCondition)

   Neo4jAutoConfiguration:
      Did not match:
         - @ConditionalOnClass did not find required class 'org.neo4j.driver.Driver' (OnClassCondition)

   Neo4jDataAutoConfiguration:
      Did not match:
         - @ConditionalOnClass did not find required class 'org.neo4j.driver.Driver' (OnClassCondition)

   Neo4jReactiveDataAutoConfiguration:
      Did not match:
         - @ConditionalOnClass did not find required class 'org.neo4j.driver.Driver' (OnClassCondition)

   Neo4jReactiveRepositoriesAutoConfiguration:
      Did not match:
         - @ConditionalOnClass did not find required class 'org.neo4j.driver.Driver' (OnClassCondition)

   Neo4jRepositoriesAutoConfiguration:
      Did not match:
         - @ConditionalOnClass did not find required class 'org.neo4j.driver.Driver' (OnClassCondition)

   NettyAutoConfiguration:
      Did not match:
         - @ConditionalOnClass did not find required class 'io.netty.util.NettyRuntime' (OnClassCondition)

   NoOpCacheConfiguration:
      Did not match:
         - @ConditionalOnMissingBean (types: org.springframework.cache.CacheManager; SearchStrategy: all) found beans of type 'org.springframework.cache.CacheManager' cacheManager (OnBeanCondition)
      Matched:
         - Cache org.springframework.boot.autoconfigure.cache.NoOpCacheConfiguration automatic cache type (CacheCondition)

   OAuth2AuthorizationServerAutoConfiguration:
      Did not match:
         - @ConditionalOnClass did not find required class 'org.springframework.security.oauth2.server.authorization.OAuth2Authorization' (OnClassCondition)

   OAuth2AuthorizationServerJwtAutoConfiguration:
      Did not match:
         - @ConditionalOnClass did not find required class 'com.nimbusds.jose.jwk.source.JWKSource' (OnClassCondition)

   OAuth2ClientAutoConfiguration:
      Did not match:
         - @ConditionalOnClass did not find required class 'org.springframework.security.oauth2.client.registration.ClientRegistration' (OnClassCondition)

   OAuth2ClientWebSecurityAutoConfiguration:
      Did not match:
         - @ConditionalOnClass did not find required class 'org.springframework.security.oauth2.client.web.OAuth2AuthorizedClientRepository' (OnClassCondition)

   OAuth2ResourceServerAutoConfiguration:
      Did not match:
         - @ConditionalOnClass did not find required class 'org.springframework.security.oauth2.server.resource.authentication.BearerTokenAuthenticationToken' (OnClassCondition)

   ProjectInfoAutoConfiguration#buildProperties:
      Did not match:
         - @ConditionalOnResource did not find resource '${spring.info.build.location:classpath:META-INF/build-info.properties}' (OnResourceCondition)

   ProjectInfoAutoConfiguration#gitProperties:
      Did not match:
         - GitResource did not find git info at classpath:git.properties (ProjectInfoAutoConfiguration.GitResourceAvailableCondition)

   PulsarAutoConfiguration:
      Did not match:
         - @ConditionalOnClass did not find required class 'org.apache.pulsar.client.api.PulsarClient' (OnClassCondition)

   PulsarReactiveAutoConfiguration:
      Did not match:
         - @ConditionalOnClass did not find required class 'org.apache.pulsar.client.api.PulsarClient' (OnClassCondition)

   QuartzAutoConfiguration:
      Did not match:
         - @ConditionalOnClass did not find required class 'org.quartz.Scheduler' (OnClassCondition)

   R2dbcAutoConfiguration:
      Did not match:
         - @ConditionalOnClass did not find required class 'io.r2dbc.spi.ConnectionFactory' (OnClassCondition)

   R2dbcDataAutoConfiguration:
      Did not match:
         - @ConditionalOnClass did not find required class 'org.springframework.data.r2dbc.core.R2dbcEntityTemplate' (OnClassCondition)

   R2dbcInitializationConfiguration:
      Did not match:
         - @ConditionalOnClass did not find required classes 'io.r2dbc.spi.ConnectionFactory', 'org.springframework.r2dbc.connection.init.DatabasePopulator' (OnClassCondition)

   R2dbcProxyAutoConfiguration:
      Did not match:
         - @ConditionalOnClass did not find required class 'io.r2dbc.proxy.ProxyConnectionFactory' (OnClassCondition)

   R2dbcRepositoriesAutoConfiguration:
      Did not match:
         - @ConditionalOnClass did not find required class 'io.r2dbc.spi.ConnectionFactory' (OnClassCondition)

   R2dbcTransactionManagerAutoConfiguration:
      Did not match:
         - @ConditionalOnClass did not find required class 'org.springframework.r2dbc.connection.R2dbcTransactionManager' (OnClassCondition)

   RSocketGraphQlClientAutoConfiguration:
      Did not match:
         - @ConditionalOnClass did not find required class 'graphql.GraphQL' (OnClassCondition)

   RSocketMessagingAutoConfiguration:
      Did not match:
         - @ConditionalOnClass did not find required class 'io.rsocket.RSocket' (OnClassCondition)

   RSocketRequesterAutoConfiguration:
      Did not match:
         - @ConditionalOnClass did not find required class 'io.rsocket.RSocket' (OnClassCondition)

   RSocketSecurityAutoConfiguration:
      Did not match:
         - @ConditionalOnClass did not find required class 'org.springframework.security.rsocket.core.SecuritySocketAcceptorInterceptor' (OnClassCondition)

   RSocketServerAutoConfiguration:
      Did not match:
         - @ConditionalOnClass did not find required class 'io.rsocket.core.RSocketServer' (OnClassCondition)

   RSocketStrategiesAutoConfiguration:
      Did not match:
         - @ConditionalOnClass did not find required class 'io.netty.buffer.PooledByteBufAllocator' (OnClassCondition)

   RabbitAutoConfiguration:
      Did not match:
         - @ConditionalOnClass did not find required class 'com.rabbitmq.client.Channel' (OnClassCondition)

   ReactiveElasticsearchClientAutoConfiguration:
      Did not match:
         - @ConditionalOnClass did not find required class 'co.elastic.clients.transport.ElasticsearchTransport' (OnClassCondition)

   ReactiveElasticsearchRepositoriesAutoConfiguration:
      Did not match:
         - @ConditionalOnClass did not find required class 'reactor.core.publisher.Mono' (OnClassCondition)

   ReactiveMultipartAutoConfiguration:
      Did not match:
         - @ConditionalOnClass did not find required class 'org.springframework.web.reactive.config.WebFluxConfigurer' (OnClassCondition)

   ReactiveOAuth2ClientAutoConfiguration:
      Did not match:
         - @ConditionalOnClass did not find required class 'reactor.core.publisher.Flux' (OnClassCondition)

   ReactiveOAuth2ClientWebSecurityAutoConfiguration:
      Did not match:
         - @ConditionalOnClass did not find required class 'reactor.core.publisher.Flux' (OnClassCondition)

   ReactiveOAuth2ResourceServerAutoConfiguration:
      Did not match:
         - @ConditionalOnWebApplication did not find reactive web application classes (OnWebApplicationCondition)

   ReactiveSecurityAutoConfiguration:
      Did not match:
         - @ConditionalOnClass did not find required class 'reactor.core.publisher.Flux' (OnClassCondition)

   ReactiveUserDetailsServiceAutoConfiguration:
      Did not match:
         - AnyNestedCondition 0 matched 2 did not; NestedCondition on ReactiveUserDetailsServiceAutoConfiguration.RSocketEnabledOrReactiveWebApplication.ReactiveWebApplicationCondition did not find reactive web application classes; NestedCondition on ReactiveUserDetailsServiceAutoConfiguration.RSocketEnabledOrReactiveWebApplication.RSocketSecurityEnabledCondition @ConditionalOnBean (types: ?; SearchStrategy: all) did not find any beans of type ? (ReactiveUserDetailsServiceAutoConfiguration.RSocketEnabledOrReactiveWebApplication)
      Matched:
         - @ConditionalOnClass found required class 'org.springframework.security.authentication.ReactiveAuthenticationManager' (OnClassCondition)
         - AnyNestedCondition 1 matched 2 did not; NestedCondition on ReactiveUserDetailsServiceAutoConfiguration.MissingAlternativeOrUserPropertiesConfigured.PasswordConfigured @ConditionalOnProperty (spring.security.user.password) did not find property 'spring.security.user.password'; NestedCondition on ReactiveUserDetailsServiceAutoConfiguration.MissingAlternativeOrUserPropertiesConfigured.NameConfigured @ConditionalOnProperty (spring.security.user.name) did not find property 'spring.security.user.name'; NestedCondition on ReactiveUserDetailsServiceAutoConfiguration.MissingAlternativeOrUserPropertiesConfigured.MissingAlternative @ConditionalOnMissingClass did not find unwanted classes 'org.springframework.security.oauth2.client.registration.ClientRegistrationRepository', 'org.springframework.security.oauth2.server.resource.introspection.ReactiveOpaqueTokenIntrospector' (ReactiveUserDetailsServiceAutoConfiguration.MissingAlternativeOrUserPropertiesConfigured)

   ReactiveWebServerFactoryAutoConfiguration:
      Did not match:
         - @ConditionalOnWebApplication did not find reactive web application classes (OnWebApplicationCondition)

   ReactorAutoConfiguration:
      Did not match:
         - @ConditionalOnClass did not find required class 'reactor.core.publisher.Hooks' (OnClassCondition)

   RedisAutoConfiguration:
      Did not match:
         - @ConditionalOnClass did not find required class 'org.springframework.data.redis.core.RedisOperations' (OnClassCondition)

   RedisCacheConfiguration:
      Did not match:
         - @ConditionalOnClass did not find required class 'org.springframework.data.redis.connection.RedisConnectionFactory' (OnClassCondition)

   RedisReactiveAutoConfiguration:
      Did not match:
         - @ConditionalOnClass did not find required class 'reactor.core.publisher.Flux' (OnClassCondition)

   RedisRepositoriesAutoConfiguration:
      Did not match:
         - @ConditionalOnClass did not find required class 'org.springframework.data.redis.repository.configuration.EnableRedisRepositories' (OnClassCondition)

   RepositoryRestMvcAutoConfiguration:
      Did not match:
         - @ConditionalOnClass did not find required class 'org.springframework.data.rest.webmvc.config.RepositoryRestMvcConfiguration' (OnClassCondition)

   Saml2RelyingPartyAutoConfiguration:
      Did not match:
         - @ConditionalOnClass did not find required class 'org.springframework.security.saml2.provider.service.registration.RelyingPartyRegistrationRepository' (OnClassCondition)

   SecurityDataConfiguration:
      Did not match:
         - @ConditionalOnClass did not find required class 'org.springframework.security.data.repository.query.SecurityEvaluationContextExtension' (OnClassCondition)

   SendGridAutoConfiguration:
      Did not match:
         - @ConditionalOnClass did not find required class 'com.sendgrid.SendGrid' (OnClassCondition)

   ServletWebServerFactoryAutoConfiguration.ForwardedHeaderFilterConfiguration:
      Did not match:
         - @ConditionalOnProperty (server.forward-headers-strategy=framework) did not find property 'server.forward-headers-strategy' (OnPropertyCondition)

   ServletWebServerFactoryConfiguration.EmbeddedJetty:
      Did not match:
         - @ConditionalOnClass did not find required classes 'org.eclipse.jetty.server.Server', 'org.eclipse.jetty.util.Loader', 'org.eclipse.jetty.ee10.webapp.WebAppContext' (OnClassCondition)

   ServletWebServerFactoryConfiguration.EmbeddedUndertow:
      Did not match:
         - @ConditionalOnClass did not find required classes 'io.undertow.Undertow', 'org.xnio.SslClientAuthMode' (OnClassCondition)

   SessionAutoConfiguration:
      Did not match:
         - @ConditionalOnClass did not find required class 'org.springframework.session.Session' (OnClassCondition)

   SpringApplicationAdminJmxAutoConfiguration:
      Did not match:
         - @ConditionalOnBooleanProperty (spring.application.admin.enabled=true) did not find property 'spring.application.admin.enabled' (OnPropertyCondition)

   SpringBootWebSecurityConfiguration.SecurityFilterChainConfiguration:
      Did not match:
         - AllNestedConditions 1 matched 1 did not; NestedCondition on DefaultWebSecurityCondition.Beans @ConditionalOnMissingBean (types: org.springframework.security.web.SecurityFilterChain; SearchStrategy: all) found beans of type 'org.springframework.security.web.SecurityFilterChain' securityFilterChain; NestedCondition on DefaultWebSecurityCondition.Classes @ConditionalOnClass found required classes 'org.springframework.security.web.SecurityFilterChain', 'org.springframework.security.config.annotation.web.builders.HttpSecurity' (DefaultWebSecurityCondition)

   SpringBootWebSecurityConfiguration.WebSecurityEnablerConfiguration:
      Did not match:
         - @ConditionalOnMissingBean (names: springSecurityFilterChain; SearchStrategy: all) found beans named springSecurityFilterChain (OnBeanCondition)
      Matched:
         - @ConditionalOnClass found required class 'org.springframework.security.config.annotation.web.configuration.EnableWebSecurity' (OnClassCondition)

   SpringDocConfiguration#propertiesResolverForSchema:
      Did not match:
         - @ConditionalOnProperty (springdoc.api-docs.resolve-schema-properties) did not find property 'springdoc.api-docs.resolve-schema-properties' (OnPropertyCondition)

   SpringDocConfiguration#propertyCustomizingConverter:
      Did not match:
         - @ConditionalOnBean (types: org.springdoc.core.customizers.PropertyCustomizer; SearchStrategy: all) did not find any beans of type org.springdoc.core.customizers.PropertyCustomizer (OnBeanCondition)

   SpringDocConfiguration#springdocBeanFactoryPostProcessor:
      Did not match:
         - AnyNestedCondition 0 matched 2 did not; NestedCondition on CacheOrGroupedOpenApiCondition.OnCacheDisabled found non-matching nested conditions @ConditionalOnProperty (springdoc.cache.disabled) did not find property 'springdoc.cache.disabled'; NestedCondition on CacheOrGroupedOpenApiCondition.OnMultipleOpenApiSupportCondition AnyNestedCondition 0 matched 2 did not; NestedCondition on MultipleOpenApiSupportCondition.OnActuatorDifferentPort @ConditionalOnProperty (springdoc.show-actuator) did not find property 'springdoc.show-actuator'; NestedCondition on MultipleOpenApiSupportCondition.OnMultipleOpenApiSupportCondition AnyNestedCondition 0 matched 3 did not; NestedCondition on MultipleOpenApiGroupsCondition.OnListGroupedOpenApiBean @ConditionalOnBean (types: org.springdoc.core.models.GroupedOpenApi; SearchStrategy: all) did not find any beans of type org.springdoc.core.models.GroupedOpenApi; NestedCondition on MultipleOpenApiGroupsCondition.OnGroupConfigProperty @ConditionalOnProperty (springdoc.group-configs[0].group) did not find property 'springdoc.group-configs[0].group'; NestedCondition on MultipleOpenApiGroupsCondition.OnGroupedOpenApiBean @ConditionalOnBean (types: org.springdoc.core.models.GroupedOpenApi; SearchStrategy: all) did not find any beans of type org.springdoc.core.models.GroupedOpenApi (CacheOrGroupedOpenApiCondition)
      Matched:
         - @ConditionalOnClass found required class 'org.springframework.boot.context.properties.bind.BindResult' (OnClassCondition)

   SpringDocConfiguration#springdocBeanFactoryPostProcessor2:
      Did not match:
         - @ConditionalOnMissingClass found unwanted class 'org.springframework.boot.context.properties.bind.BindResult' (OnClassCondition)

   SpringDocConfiguration.SpringDocActuatorConfiguration:
      Did not match:
         - @ConditionalOnClass did not find required class 'org.springframework.boot.actuate.autoconfigure.endpoint.web.WebEndpointProperties' (OnClassCondition)

   SpringDocConfiguration.SpringDocRepositoryRestConfiguration:
      Did not match:
         - @ConditionalOnClass did not find required class 'org.springframework.data.rest.core.config.RepositoryRestConfiguration' (OnClassCondition)

   SpringDocConfiguration.SpringDocWebFluxSupportConfiguration:
      Did not match:
         - @ConditionalOnClass did not find required class 'reactor.core.publisher.Flux' (OnClassCondition)

   SpringDocDataRestConfiguration:
      Did not match:
         - @ConditionalOnClass did not find required class 'org.springframework.data.rest.core.config.RepositoryRestConfiguration' (OnClassCondition)

   SpringDocFunctionCatalogConfiguration:
      Did not match:
         - @ConditionalOnClass did not find required class 'org.springframework.cloud.function.web.function.FunctionEndpointInitializer' (OnClassCondition)

   SpringDocGroovyConfiguration:
      Did not match:
         - @ConditionalOnClass did not find required class 'groovy.lang.MetaClass' (OnClassCondition)

   SpringDocHateoasConfiguration:
      Did not match:
         - @ConditionalOnClass did not find required class 'org.springframework.hateoas.server.LinkRelationProvider' (OnClassCondition)

   SpringDocJacksonKotlinModuleConfiguration:
      Did not match:
         - @ConditionalOnClass did not find required class 'com.fasterxml.jackson.module.kotlin.KotlinModule' (OnClassCondition)

   SpringDocJavadocConfiguration:
      Did not match:
         - @ConditionalOnClass did not find required class 'com.github.therapi.runtimejavadoc.CommentFormatter' (OnClassCondition)

   SpringDocKotlinxConfiguration:
      Did not match:
         - @ConditionalOnClass did not find required class 'kotlinx.coroutines.flow.Flow' (OnClassCondition)

   SpringDocSecurityConfiguration.SpringDocSecurityOAuth2ClientConfiguration:
      Did not match:
         - @ConditionalOnClass did not find required class 'org.springframework.security.oauth2.client.annotation.RegisteredOAuth2AuthorizedClient' (OnClassCondition)

   SpringDocSecurityConfiguration.SpringDocSecurityOAuth2Configuration:
      Did not match:
         - @ConditionalOnClass did not find required class 'org.springframework.security.oauth2.server.authorization.OAuth2AuthorizationService' (OnClassCondition)

   SpringDocSecurityConfiguration.SpringSecurityLoginEndpointConfiguration#springSecurityLoginEndpointCustomizer:
      Did not match:
         - @ConditionalOnProperty (springdoc.show-login-endpoint) did not find property 'springdoc.show-login-endpoint' (OnPropertyCondition)

   SpringDocSortConfiguration#dataRestDelegatingMethodParameterCustomizer:
      Did not match:
         - @ConditionalOnMissingBean (types: org.springdoc.core.customizers.DataRestDelegatingMethodParameterCustomizer; SearchStrategy: all) found beans of type 'org.springdoc.core.customizers.DataRestDelegatingMethodParameterCustomizer' dataRestDelegatingMethodParameterCustomizer (OnBeanCondition)

   SpringDocWebMvcConfiguration.SpringDocWebMvcActuatorConfiguration:
      Did not match:
         - @ConditionalOnClass did not find required class 'org.springframework.boot.actuate.endpoint.web.servlet.WebMvcEndpointHandlerMapping' (OnClassCondition)

   SwaggerConfig#springWebProvider:
      Did not match:
         - @ConditionalOnMissingBean (types: org.springdoc.core.providers.SpringWebProvider; SearchStrategy: all) found beans of type 'org.springdoc.core.providers.SpringWebProvider' springWebProvider (OnBeanCondition)

   SwaggerConfig#swaggerUiHome:
      Did not match:
         - @ConditionalOnProperty (springdoc.swagger-ui.use-root-path=true) did not find property 'springdoc.swagger-ui.use-root-path' (OnPropertyCondition)

   SwaggerConfig.SwaggerActuatorWelcomeConfiguration:
      Did not match:
         - @ConditionalOnClass did not find required class 'org.springframework.boot.actuate.endpoint.web.servlet.WebMvcEndpointHandlerMapping' (OnClassCondition)

   TaskExecutorConfigurations.SimpleAsyncTaskExecutorBuilderConfiguration#simpleAsyncTaskExecutorBuilderVirtualThreads:
      Did not match:
         - @ConditionalOnMissingBean (types: org.springframework.boot.task.SimpleAsyncTaskExecutorBuilder; SearchStrategy: all) found beans of type 'org.springframework.boot.task.SimpleAsyncTaskExecutorBuilder' simpleAsyncTaskExecutorBuilder (OnBeanCondition)

   TaskExecutorConfigurations.TaskExecutorConfiguration#applicationTaskExecutorVirtualThreads:
      Did not match:
         - @ConditionalOnThreading did not find VIRTUAL (OnThreadingCondition)

   TaskSchedulingConfigurations.SimpleAsyncTaskSchedulerBuilderConfiguration#simpleAsyncTaskSchedulerBuilderVirtualThreads:
      Did not match:
         - @ConditionalOnMissingBean (types: org.springframework.boot.task.SimpleAsyncTaskSchedulerBuilder; SearchStrategy: all) found beans of type 'org.springframework.boot.task.SimpleAsyncTaskSchedulerBuilder' simpleAsyncTaskSchedulerBuilder (OnBeanCondition)

   TaskSchedulingConfigurations.TaskSchedulerConfiguration#taskSchedulerVirtualThreads:
      Did not match:
         - @ConditionalOnThreading did not find VIRTUAL (OnThreadingCondition)

   TemplateEngineConfigurations.ReactiveTemplateEngineConfiguration:
      Did not match:
         - did not find reactive web application classes (OnWebApplicationCondition)

   ThymeleafAutoConfiguration.DataAttributeDialectConfiguration:
      Did not match:
         - @ConditionalOnClass did not find required class 'com.github.mxab.thymeleaf.extras.dataattribute.dialect.DataAttributeDialect' (OnClassCondition)

   ThymeleafAutoConfiguration.ThymeleafSecurityDialectConfiguration:
      Did not match:
         - @ConditionalOnClass did not find required class 'org.thymeleaf.extras.springsecurity6.dialect.SpringSecurityDialect' (OnClassCondition)

   ThymeleafAutoConfiguration.ThymeleafWebFluxConfiguration:
      Did not match:
         - did not find reactive web application classes (OnWebApplicationCondition)

   ThymeleafAutoConfiguration.ThymeleafWebLayoutConfiguration:
      Did not match:
         - @ConditionalOnClass did not find required class 'nz.net.ultraq.thymeleaf.layoutdialect.LayoutDialect' (OnClassCondition)

   TransactionAutoConfiguration#transactionalOperator:
      Did not match:
         - @ConditionalOnSingleCandidate (types: org.springframework.transaction.ReactiveTransactionManager; SearchStrategy: all) did not find any beans (OnBeanCondition)

   TransactionAutoConfiguration.AspectJTransactionManagementConfiguration:
      Did not match:
         - @ConditionalOnBean (types: org.springframework.transaction.aspectj.AbstractTransactionAspect; SearchStrategy: all) did not find any beans of type org.springframework.transaction.aspectj.AbstractTransactionAspect (OnBeanCondition)

   TransactionAutoConfiguration.EnableTransactionManagementConfiguration.JdkDynamicAutoProxyConfiguration:
      Did not match:
         - @ConditionalOnBooleanProperty (spring.aop.proxy-target-class=false) did not find property 'spring.aop.proxy-target-class' (OnPropertyCondition)

   UserDetailsServiceAutoConfiguration:
      Did not match:
         - @ConditionalOnMissingBean (types: org.springframework.security.authentication.AuthenticationManager,org.springframework.security.authentication.AuthenticationProvider,org.springframework.security.core.userdetails.UserDetailsService,org.springframework.security.authentication.AuthenticationManagerResolver,?; SearchStrategy: all) found beans of type 'org.springframework.security.authentication.AuthenticationManager' authenticationManager and found beans of type 'org.springframework.security.core.userdetails.UserDetailsService' userDetailsServiceImpl and found beans of type 'org.springframework.security.authentication.AuthenticationProvider' authenticationProvider (OnBeanCondition)
      Matched:
         - @ConditionalOnClass found required class 'org.springframework.security.authentication.AuthenticationManager' (OnClassCondition)
         - found 'session' scope (OnWebApplicationCondition)
         - AnyNestedCondition 1 matched 2 did not; NestedCondition on UserDetailsServiceAutoConfiguration.MissingAlternativeOrUserPropertiesConfigured.PasswordConfigured @ConditionalOnProperty (spring.security.user.password) did not find property 'spring.security.user.password'; NestedCondition on UserDetailsServiceAutoConfiguration.MissingAlternativeOrUserPropertiesConfigured.NameConfigured @ConditionalOnProperty (spring.security.user.name) did not find property 'spring.security.user.name'; NestedCondition on UserDetailsServiceAutoConfiguration.MissingAlternativeOrUserPropertiesConfigured.MissingAlternative @ConditionalOnMissingClass did not find unwanted classes 'org.springframework.security.oauth2.client.registration.ClientRegistrationRepository', 'org.springframework.security.oauth2.server.resource.introspection.OpaqueTokenIntrospector', 'org.springframework.security.saml2.provider.service.registration.RelyingPartyRegistrationRepository' (UserDetailsServiceAutoConfiguration.MissingAlternativeOrUserPropertiesConfigured)

   WebClientAutoConfiguration:
      Did not match:
         - @ConditionalOnClass did not find required class 'org.springframework.web.reactive.function.client.WebClient' (OnClassCondition)

   WebFluxAutoConfiguration:
      Did not match:
         - @ConditionalOnClass did not find required class 'org.springframework.web.reactive.config.WebFluxConfigurer' (OnClassCondition)

   WebMvcAutoConfiguration#hiddenHttpMethodFilter:
      Did not match:
         - @ConditionalOnBooleanProperty (spring.mvc.hiddenmethod.filter.enabled=true) did not find property 'spring.mvc.hiddenmethod.filter.enabled' (OnPropertyCondition)

   WebMvcAutoConfiguration.ProblemDetailsErrorHandlingConfiguration:
      Did not match:
         - @ConditionalOnBooleanProperty (spring.mvc.problemdetails.enabled=true) did not find property 'spring.mvc.problemdetails.enabled' (OnPropertyCondition)

   WebMvcAutoConfiguration.WebMvcAutoConfigurationAdapter#beanNameViewResolver:
      Did not match:
         - @ConditionalOnMissingBean (types: org.springframework.web.servlet.view.BeanNameViewResolver; SearchStrategy: all) found beans of type 'org.springframework.web.servlet.view.BeanNameViewResolver' beanNameViewResolver (OnBeanCondition)

   WebServiceTemplateAutoConfiguration:
      Did not match:
         - @ConditionalOnClass did not find required class 'org.springframework.oxm.Marshaller' (OnClassCondition)

   WebServicesAutoConfiguration:
      Did not match:
         - @ConditionalOnClass did not find required class 'org.springframework.ws.transport.http.MessageDispatcherServlet' (OnClassCondition)

   WebSessionIdResolverAutoConfiguration:
      Did not match:
         - @ConditionalOnClass did not find required class 'reactor.core.publisher.Mono' (OnClassCondition)

   WebSocketMessagingAutoConfiguration:
      Did not match:
         - @ConditionalOnClass did not find required class 'org.springframework.web.socket.config.annotation.WebSocketMessageBrokerConfigurer' (OnClassCondition)

   WebSocketReactiveAutoConfiguration:
      Did not match:
         - @ConditionalOnWebApplication did not find reactive web application classes (OnWebApplicationCondition)

   WebSocketServletAutoConfiguration.JettyWebSocketConfiguration:
      Did not match:
         - @ConditionalOnClass did not find required class 'org.eclipse.jetty.ee10.websocket.jakarta.server.config.JakartaWebSocketServletContainerInitializer' (OnClassCondition)

   WebSocketServletAutoConfiguration.UndertowWebSocketConfiguration:
      Did not match:
         - @ConditionalOnClass did not find required class 'io.undertow.websockets.jsr.Bootstrap' (OnClassCondition)

   XADataSourceAutoConfiguration:
      Did not match:
         - @ConditionalOnBean (types: org.springframework.boot.jdbc.XADataSourceWrapper; SearchStrategy: all) did not find any beans of type org.springframework.boot.jdbc.XADataSourceWrapper (OnBeanCondition)
      Matched:
         - @ConditionalOnClass found required classes 'javax.sql.DataSource', 'jakarta.transaction.TransactionManager', 'org.springframework.jdbc.datasource.embedded.EmbeddedDatabaseType' (OnClassCondition)


Exclusions:
-----------

    None


Unconditional classes:
----------------------

    org.springframework.boot.autoconfigure.context.ConfigurationPropertiesAutoConfiguration

    org.springframework.boot.autoconfigure.ssl.SslAutoConfiguration

    org.springframework.boot.autoconfigure.context.PropertyPlaceholderAutoConfiguration

    org.springframework.boot.autoconfigure.context.LifecycleAutoConfiguration

    org.springdoc.core.configuration.SpringDocSpecPropertiesConfiguration

    org.springframework.boot.autoconfigure.availability.ApplicationAvailabilityAutoConfiguration

    org.springframework.boot.autoconfigure.info.ProjectInfoAutoConfiguration



2025-11-22T10:49:22.264Z  INFO 28503 --- [           main] c.r.G.GestionDeTriApplication            : Started GestionDeTriApplication in 5.443 seconds (process running for 5.598)
2025-11-22T10:49:22.265Z DEBUG 28503 --- [           main] o.s.b.a.ApplicationAvailabilityBean      : Application availability state LivenessState changed to CORRECT
2025-11-22T10:49:22.266Z  INFO 28503 --- [           main] c.r.GestionDeTri.config.DataLoader       : Starting data initialization...
2025-11-22T10:49:22.309Z DEBUG 28503 --- [           main] org.hibernate.SQL                        : 
    select
        r1_0.id,
        r1_0.created_by,
        r1_0.created_date,
        r1_0.last_modified_date,
        r1_0.is_deleted,
        r1_0.deleted_at,
        r1_0.deleted_by,
        r1_0.last_modified_by,
        r1_0.name 
    from
        roles r1_0 
    where
        r1_0.name=?
Hibernate: 
    select
        r1_0.id,
        r1_0.created_by,
        r1_0.created_date,
        r1_0.last_modified_date,
        r1_0.is_deleted,
        r1_0.deleted_at,
        r1_0.deleted_by,
        r1_0.last_modified_by,
        r1_0.name 
    from
        roles r1_0 
    where
        r1_0.name=?
2025-11-22T10:49:22.325Z DEBUG 28503 --- [           main] org.hibernate.SQL                        : 
    select
        p1_0.role_id,
        p1_1.id,
        p1_1.created_by,
        p1_1.created_date,
        p1_1.last_modified_date,
        p1_1.is_deleted,
        p1_1.deleted_at,
        p1_1.deleted_by,
        p1_1.description,
        p1_1.last_modified_by,
        p1_1.nom 
    from
        role_permissions p1_0 
    join
        permissions p1_1 
            on p1_1.id=p1_0.permission_id 
    where
        p1_0.role_id=?
Hibernate: 
    select
        p1_0.role_id,
        p1_1.id,
        p1_1.created_by,
        p1_1.created_date,
        p1_1.last_modified_date,
        p1_1.is_deleted,
        p1_1.deleted_at,
        p1_1.deleted_by,
        p1_1.description,
        p1_1.last_modified_by,
        p1_1.nom 
    from
        role_permissions p1_0 
    join
        permissions p1_1 
            on p1_1.id=p1_0.permission_id 
    where
        p1_0.role_id=?
2025-11-22T10:49:22.329Z DEBUG 28503 --- [           main] org.hibernate.SQL                        : 
    select
        r1_0.id,
        r1_0.created_by,
        r1_0.created_date,
        r1_0.last_modified_date,
        r1_0.is_deleted,
        r1_0.deleted_at,
        r1_0.deleted_by,
        r1_0.last_modified_by,
        r1_0.name 
    from
        roles r1_0 
    where
        r1_0.name=?
Hibernate: 
    select
        r1_0.id,
        r1_0.created_by,
        r1_0.created_date,
        r1_0.last_modified_date,
        r1_0.is_deleted,
        r1_0.deleted_at,
        r1_0.deleted_by,
        r1_0.last_modified_by,
        r1_0.name 
    from
        roles r1_0 
    where
        r1_0.name=?
2025-11-22T10:49:22.330Z DEBUG 28503 --- [           main] org.hibernate.SQL                        : 
    select
        p1_0.role_id,
        p1_1.id,
        p1_1.created_by,
        p1_1.created_date,
        p1_1.last_modified_date,
        p1_1.is_deleted,
        p1_1.deleted_at,
        p1_1.deleted_by,
        p1_1.description,
        p1_1.last_modified_by,
        p1_1.nom 
    from
        role_permissions p1_0 
    join
        permissions p1_1 
            on p1_1.id=p1_0.permission_id 
    where
        p1_0.role_id=?
Hibernate: 
    select
        p1_0.role_id,
        p1_1.id,
        p1_1.created_by,
        p1_1.created_date,
        p1_1.last_modified_date,
        p1_1.is_deleted,
        p1_1.deleted_at,
        p1_1.deleted_by,
        p1_1.description,
        p1_1.last_modified_by,
        p1_1.nom 
    from
        role_permissions p1_0 
    join
        permissions p1_1 
            on p1_1.id=p1_0.permission_id 
    where
        p1_0.role_id=?
2025-11-22T10:49:22.331Z DEBUG 28503 --- [           main] org.hibernate.SQL                        : 
    select
        r1_0.id,
        r1_0.created_by,
        r1_0.created_date,
        r1_0.last_modified_date,
        r1_0.is_deleted,
        r1_0.deleted_at,
        r1_0.deleted_by,
        r1_0.last_modified_by,
        r1_0.name 
    from
        roles r1_0 
    where
        r1_0.name=?
Hibernate: 
    select
        r1_0.id,
        r1_0.created_by,
        r1_0.created_date,
        r1_0.last_modified_date,
        r1_0.is_deleted,
        r1_0.deleted_at,
        r1_0.deleted_by,
        r1_0.last_modified_by,
        r1_0.name 
    from
        roles r1_0 
    where
        r1_0.name=?
2025-11-22T10:49:22.332Z DEBUG 28503 --- [           main] org.hibernate.SQL                        : 
    select
        p1_0.role_id,
        p1_1.id,
        p1_1.created_by,
        p1_1.created_date,
        p1_1.last_modified_date,
        p1_1.is_deleted,
        p1_1.deleted_at,
        p1_1.deleted_by,
        p1_1.description,
        p1_1.last_modified_by,
        p1_1.nom 
    from
        role_permissions p1_0 
    join
        permissions p1_1 
            on p1_1.id=p1_0.permission_id 
    where
        p1_0.role_id=?
Hibernate: 
    select
        p1_0.role_id,
        p1_1.id,
        p1_1.created_by,
        p1_1.created_date,
        p1_1.last_modified_date,
        p1_1.is_deleted,
        p1_1.deleted_at,
        p1_1.deleted_by,
        p1_1.description,
        p1_1.last_modified_by,
        p1_1.nom 
    from
        role_permissions p1_0 
    join
        permissions p1_1 
            on p1_1.id=p1_0.permission_id 
    where
        p1_0.role_id=?
2025-11-22T10:49:22.339Z DEBUG 28503 --- [           main] org.hibernate.SQL                        : 
    select
        count(*) 
    from
        agences a1_0 
    where
        (
            a1_0.is_deleted = false
        )
Hibernate: 
    select
        count(*) 
    from
        agences a1_0 
    where
        (
            a1_0.is_deleted = false
        )
2025-11-22T10:49:22.342Z DEBUG 28503 --- [           main] org.hibernate.SQL                        : 
    select
        count(*) 
    from
        utilisateurs u1_0 
    where
        (
            u1_0.is_deleted = false
        )
Hibernate: 
    select
        count(*) 
    from
        utilisateurs u1_0 
    where
        (
            u1_0.is_deleted = false
        )
2025-11-22T10:49:22.343Z DEBUG 28503 --- [           main] org.hibernate.SQL                        : 
    select
        count(*) 
    from
        colis c1_0 
    where
        (
            c1_0.is_deleted = false
        )
Hibernate: 
    select
        count(*) 
    from
        colis c1_0 
    where
        (
            c1_0.is_deleted = false
        )
2025-11-22T10:49:22.346Z  INFO 28503 --- [           main] c.r.GestionDeTri.config.DataLoader       : Data initialization completed!
2025-11-22T10:49:22.346Z DEBUG 28503 --- [           main] org.hibernate.SQL                        : 
    select
        r1_0.id,
        r1_0.created_by,
        r1_0.created_date,
        r1_0.last_modified_date,
        r1_0.is_deleted,
        r1_0.deleted_at,
        r1_0.deleted_by,
        r1_0.last_modified_by,
        r1_0.name 
    from
        roles r1_0 
    where
        r1_0.name=?
Hibernate: 
    select
        r1_0.id,
        r1_0.created_by,
        r1_0.created_date,
        r1_0.last_modified_date,
        r1_0.is_deleted,
        r1_0.deleted_at,
        r1_0.deleted_by,
        r1_0.last_modified_by,
        r1_0.name 
    from
        roles r1_0 
    where
        r1_0.name=?
2025-11-22T10:49:22.347Z DEBUG 28503 --- [           main] org.hibernate.SQL                        : 
    select
        p1_0.role_id,
        p1_1.id,
        p1_1.created_by,
        p1_1.created_date,
        p1_1.last_modified_date,
        p1_1.is_deleted,
        p1_1.deleted_at,
        p1_1.deleted_by,
        p1_1.description,
        p1_1.last_modified_by,
        p1_1.nom 
    from
        role_permissions p1_0 
    join
        permissions p1_1 
            on p1_1.id=p1_0.permission_id 
    where
        p1_0.role_id=?
Hibernate: 
    select
        p1_0.role_id,
        p1_1.id,
        p1_1.created_by,
        p1_1.created_date,
        p1_1.last_modified_date,
        p1_1.is_deleted,
        p1_1.deleted_at,
        p1_1.deleted_by,
        p1_1.description,
        p1_1.last_modified_by,
        p1_1.nom 
    from
        role_permissions p1_0 
    join
        permissions p1_1 
            on p1_1.id=p1_0.permission_id 
    where
        p1_0.role_id=?
2025-11-22T10:49:22.349Z DEBUG 28503 --- [           main] org.hibernate.SQL                        : 
    select
        r1_0.permission_id,
        r1_1.id,
        r1_1.created_by,
        r1_1.created_date,
        r1_1.last_modified_date,
        r1_1.is_deleted,
        r1_1.deleted_at,
        r1_1.deleted_by,
        r1_1.last_modified_by,
        r1_1.name 
    from
        role_permissions r1_0 
    join
        roles r1_1 
            on r1_1.id=r1_0.role_id 
    where
        r1_0.permission_id=?
Hibernate: 
    select
        r1_0.permission_id,
        r1_1.id,
        r1_1.created_by,
        r1_1.created_date,
        r1_1.last_modified_date,
        r1_1.is_deleted,
        r1_1.deleted_at,
        r1_1.deleted_by,
        r1_1.last_modified_by,
        r1_1.name 
    from
        role_permissions r1_0 
    join
        roles r1_1 
            on r1_1.id=r1_0.role_id 
    where
        r1_0.permission_id=?
2025-11-22T10:49:22.351Z DEBUG 28503 --- [           main] org.hibernate.SQL                        : 
    select
        r1_0.permission_id,
        r1_1.id,
        r1_1.created_by,
        r1_1.created_date,
        r1_1.last_modified_date,
        r1_1.is_deleted,
        r1_1.deleted_at,
        r1_1.deleted_by,
        r1_1.last_modified_by,
        r1_1.name 
    from
        role_permissions r1_0 
    join
        roles r1_1 
            on r1_1.id=r1_0.role_id 
    where
        r1_0.permission_id=?
Hibernate: 
    select
        r1_0.permission_id,
        r1_1.id,
        r1_1.created_by,
        r1_1.created_date,
        r1_1.last_modified_date,
        r1_1.is_deleted,
        r1_1.deleted_at,
        r1_1.deleted_by,
        r1_1.last_modified_by,
        r1_1.name 
    from
        role_permissions r1_0 
    join
        roles r1_1 
            on r1_1.id=r1_0.role_id 
    where
        r1_0.permission_id=?
2025-11-22T10:49:22.351Z DEBUG 28503 --- [           main] org.hibernate.SQL                        : 
    select
        r1_0.permission_id,
        r1_1.id,
        r1_1.created_by,
        r1_1.created_date,
        r1_1.last_modified_date,
        r1_1.is_deleted,
        r1_1.deleted_at,
        r1_1.deleted_by,
        r1_1.last_modified_by,
        r1_1.name 
    from
        role_permissions r1_0 
    join
        roles r1_1 
            on r1_1.id=r1_0.role_id 
    where
        r1_0.permission_id=?
Hibernate: 
    select
        r1_0.permission_id,
        r1_1.id,
        r1_1.created_by,
        r1_1.created_date,
        r1_1.last_modified_date,
        r1_1.is_deleted,
        r1_1.deleted_at,
        r1_1.deleted_by,
        r1_1.last_modified_by,
        r1_1.name 
    from
        role_permissions r1_0 
    join
        roles r1_1 
            on r1_1.id=r1_0.role_id 
    where
        r1_0.permission_id=?
2025-11-22T10:49:22.352Z DEBUG 28503 --- [           main] org.hibernate.SQL                        : 
    select
        r1_0.permission_id,
        r1_1.id,
        r1_1.created_by,
        r1_1.created_date,
        r1_1.last_modified_date,
        r1_1.is_deleted,
        r1_1.deleted_at,
        r1_1.deleted_by,
        r1_1.last_modified_by,
        r1_1.name 
    from
        role_permissions r1_0 
    join
        roles r1_1 
            on r1_1.id=r1_0.role_id 
    where
        r1_0.permission_id=?
Hibernate: 
    select
        r1_0.permission_id,
        r1_1.id,
        r1_1.created_by,
        r1_1.created_date,
        r1_1.last_modified_date,
        r1_1.is_deleted,
        r1_1.deleted_at,
        r1_1.deleted_by,
        r1_1.last_modified_by,
        r1_1.name 
    from
        role_permissions r1_0 
    join
        roles r1_1 
            on r1_1.id=r1_0.role_id 
    where
        r1_0.permission_id=?
2025-11-22T10:49:22.353Z DEBUG 28503 --- [           main] org.hibernate.SQL                        : 
    select
        r1_0.permission_id,
        r1_1.id,
        r1_1.created_by,
        r1_1.created_date,
        r1_1.last_modified_date,
        r1_1.is_deleted,
        r1_1.deleted_at,
        r1_1.deleted_by,
        r1_1.last_modified_by,
        r1_1.name 
    from
        role_permissions r1_0 
    join
        roles r1_1 
            on r1_1.id=r1_0.role_id 
    where
        r1_0.permission_id=?
Hibernate: 
    select
        r1_0.permission_id,
        r1_1.id,
        r1_1.created_by,
        r1_1.created_date,
        r1_1.last_modified_date,
        r1_1.is_deleted,
        r1_1.deleted_at,
        r1_1.deleted_by,
        r1_1.last_modified_by,
        r1_1.name 
    from
        role_permissions r1_0 
    join
        roles r1_1 
            on r1_1.id=r1_0.role_id 
    where
        r1_0.permission_id=?
2025-11-22T10:49:22.354Z DEBUG 28503 --- [           main] org.hibernate.SQL                        : 
    select
        r1_0.permission_id,
        r1_1.id,
        r1_1.created_by,
        r1_1.created_date,
        r1_1.last_modified_date,
        r1_1.is_deleted,
        r1_1.deleted_at,
        r1_1.deleted_by,
        r1_1.last_modified_by,
        r1_1.name 
    from
        role_permissions r1_0 
    join
        roles r1_1 
            on r1_1.id=r1_0.role_id 
    where
        r1_0.permission_id=?
Hibernate: 
    select
        r1_0.permission_id,
        r1_1.id,
        r1_1.created_by,
        r1_1.created_date,
        r1_1.last_modified_date,
        r1_1.is_deleted,
        r1_1.deleted_at,
        r1_1.deleted_by,
        r1_1.last_modified_by,
        r1_1.name 
    from
        role_permissions r1_0 
    join
        roles r1_1 
            on r1_1.id=r1_0.role_id 
    where
        r1_0.permission_id=?
2025-11-22T10:49:22.354Z DEBUG 28503 --- [           main] org.hibernate.SQL                        : 
    select
        r1_0.permission_id,
        r1_1.id,
        r1_1.created_by,
        r1_1.created_date,
        r1_1.last_modified_date,
        r1_1.is_deleted,
        r1_1.deleted_at,
        r1_1.deleted_by,
        r1_1.last_modified_by,
        r1_1.name 
    from
        role_permissions r1_0 
    join
        roles r1_1 
            on r1_1.id=r1_0.role_id 
    where
        r1_0.permission_id=?
Hibernate: 
    select
        r1_0.permission_id,
        r1_1.id,
        r1_1.created_by,
        r1_1.created_date,
        r1_1.last_modified_date,
        r1_1.is_deleted,
        r1_1.deleted_at,
        r1_1.deleted_by,
        r1_1.last_modified_by,
        r1_1.name 
    from
        role_permissions r1_0 
    join
        roles r1_1 
            on r1_1.id=r1_0.role_id 
    where
        r1_0.permission_id=?
2025-11-22T10:49:22.355Z DEBUG 28503 --- [           main] org.hibernate.SQL                        : 
    select
        r1_0.permission_id,
        r1_1.id,
        r1_1.created_by,
        r1_1.created_date,
        r1_1.last_modified_date,
        r1_1.is_deleted,
        r1_1.deleted_at,
        r1_1.deleted_by,
        r1_1.last_modified_by,
        r1_1.name 
    from
        role_permissions r1_0 
    join
        roles r1_1 
            on r1_1.id=r1_0.role_id 
    where
        r1_0.permission_id=?
Hibernate: 
    select
        r1_0.permission_id,
        r1_1.id,
        r1_1.created_by,
        r1_1.created_date,
        r1_1.last_modified_date,
        r1_1.is_deleted,
        r1_1.deleted_at,
        r1_1.deleted_by,
        r1_1.last_modified_by,
        r1_1.name 
    from
        role_permissions r1_0 
    join
        roles r1_1 
            on r1_1.id=r1_0.role_id 
    where
        r1_0.permission_id=?
2025-11-22T10:49:22.356Z DEBUG 28503 --- [           main] org.hibernate.SQL                        : 
    select
        r1_0.permission_id,
        r1_1.id,
        r1_1.created_by,
        r1_1.created_date,
        r1_1.last_modified_date,
        r1_1.is_deleted,
        r1_1.deleted_at,
        r1_1.deleted_by,
        r1_1.last_modified_by,
        r1_1.name 
    from
        role_permissions r1_0 
    join
        roles r1_1 
            on r1_1.id=r1_0.role_id 
    where
        r1_0.permission_id=?
Hibernate: 
    select
        r1_0.permission_id,
        r1_1.id,
        r1_1.created_by,
        r1_1.created_date,
        r1_1.last_modified_date,
        r1_1.is_deleted,
        r1_1.deleted_at,
        r1_1.deleted_by,
        r1_1.last_modified_by,
        r1_1.name 
    from
        role_permissions r1_0 
    join
        roles r1_1 
            on r1_1.id=r1_0.role_id 
    where
        r1_0.permission_id=?
2025-11-22T10:49:22.358Z DEBUG 28503 --- [           main] org.hibernate.SQL                        : 
    select
        p1_0.role_id,
        p1_1.id,
        p1_1.created_by,
        p1_1.created_date,
        p1_1.last_modified_date,
        p1_1.is_deleted,
        p1_1.deleted_at,
        p1_1.deleted_by,
        p1_1.description,
        p1_1.last_modified_by,
        p1_1.nom 
    from
        role_permissions p1_0 
    join
        permissions p1_1 
            on p1_1.id=p1_0.permission_id 
    where
        p1_0.role_id in (select
            r1_1.id 
        from
            role_permissions r1_0 
        join
            roles r1_1 
                on r1_1.id=r1_0.role_id 
        where
            r1_0.permission_id=?)
Hibernate: 
    select
        p1_0.role_id,
        p1_1.id,
        p1_1.created_by,
        p1_1.created_date,
        p1_1.last_modified_date,
        p1_1.is_deleted,
        p1_1.deleted_at,
        p1_1.deleted_by,
        p1_1.description,
        p1_1.last_modified_by,
        p1_1.nom 
    from
        role_permissions p1_0 
    join
        permissions p1_1 
            on p1_1.id=p1_0.permission_id 
    where
        p1_0.role_id in (select
            r1_1.id 
        from
            role_permissions r1_0 
        join
            roles r1_1 
                on r1_1.id=r1_0.role_id 
        where
            r1_0.permission_id=?)
2025-11-22T10:49:22.360Z DEBUG 28503 --- [           main] org.hibernate.SQL                        : 
    select
        r1_0.permission_id,
        r1_1.id,
        r1_1.created_by,
        r1_1.created_date,
        r1_1.last_modified_date,
        r1_1.is_deleted,
        r1_1.deleted_at,
        r1_1.deleted_by,
        r1_1.last_modified_by,
        r1_1.name 
    from
        role_permissions r1_0 
    join
        roles r1_1 
            on r1_1.id=r1_0.role_id 
    where
        r1_0.permission_id=?
Hibernate: 
    select
        r1_0.permission_id,
        r1_1.id,
        r1_1.created_by,
        r1_1.created_date,
        r1_1.last_modified_date,
        r1_1.is_deleted,
        r1_1.deleted_at,
        r1_1.deleted_by,
        r1_1.last_modified_by,
        r1_1.name 
    from
        role_permissions r1_0 
    join
        roles r1_1 
            on r1_1.id=r1_0.role_id 
    where
        r1_0.permission_id=?
2025-11-22T10:49:22.361Z DEBUG 28503 --- [           main] org.hibernate.SQL                        : 
    select
        r1_0.id,
        r1_0.created_by,
        r1_0.created_date,
        r1_0.last_modified_date,
        r1_0.is_deleted,
        r1_0.deleted_at,
        r1_0.deleted_by,
        r1_0.last_modified_by,
        r1_0.name 
    from
        roles r1_0 
    where
        r1_0.name=?
Hibernate: 
    select
        r1_0.id,
        r1_0.created_by,
        r1_0.created_date,
        r1_0.last_modified_date,
        r1_0.is_deleted,
        r1_0.deleted_at,
        r1_0.deleted_by,
        r1_0.last_modified_by,
        r1_0.name 
    from
        roles r1_0 
    where
        r1_0.name=?
2025-11-22T10:49:22.362Z DEBUG 28503 --- [           main] org.hibernate.SQL                        : 
    select
        p1_0.role_id,
        p1_1.id,
        p1_1.created_by,
        p1_1.created_date,
        p1_1.last_modified_date,
        p1_1.is_deleted,
        p1_1.deleted_at,
        p1_1.deleted_by,
        p1_1.description,
        p1_1.last_modified_by,
        p1_1.nom 
    from
        role_permissions p1_0 
    join
        permissions p1_1 
            on p1_1.id=p1_0.permission_id 
    where
        p1_0.role_id=?
Hibernate: 
    select
        p1_0.role_id,
        p1_1.id,
        p1_1.created_by,
        p1_1.created_date,
        p1_1.last_modified_date,
        p1_1.is_deleted,
        p1_1.deleted_at,
        p1_1.deleted_by,
        p1_1.description,
        p1_1.last_modified_by,
        p1_1.nom 
    from
        role_permissions p1_0 
    join
        permissions p1_1 
            on p1_1.id=p1_0.permission_id 
    where
        p1_0.role_id=?
2025-11-22T10:49:22.363Z DEBUG 28503 --- [           main] org.hibernate.SQL                        : 
    select
        r1_0.permission_id,
        r1_1.id,
        r1_1.created_by,
        r1_1.created_date,
        r1_1.last_modified_date,
        r1_1.is_deleted,
        r1_1.deleted_at,
        r1_1.deleted_by,
        r1_1.last_modified_by,
        r1_1.name 
    from
        role_permissions r1_0 
    join
        roles r1_1 
            on r1_1.id=r1_0.role_id 
    where
        r1_0.permission_id=?
Hibernate: 
    select
        r1_0.permission_id,
        r1_1.id,
        r1_1.created_by,
        r1_1.created_date,
        r1_1.last_modified_date,
        r1_1.is_deleted,
        r1_1.deleted_at,
        r1_1.deleted_by,
        r1_1.last_modified_by,
        r1_1.name 
    from
        role_permissions r1_0 
    join
        roles r1_1 
            on r1_1.id=r1_0.role_id 
    where
        r1_0.permission_id=?
2025-11-22T10:49:22.364Z DEBUG 28503 --- [           main] org.hibernate.SQL                        : 
    select
        r1_0.permission_id,
        r1_1.id,
        r1_1.created_by,
        r1_1.created_date,
        r1_1.last_modified_date,
        r1_1.is_deleted,
        r1_1.deleted_at,
        r1_1.deleted_by,
        r1_1.last_modified_by,
        r1_1.name 
    from
        role_permissions r1_0 
    join
        roles r1_1 
            on r1_1.id=r1_0.role_id 
    where
        r1_0.permission_id=?
Hibernate: 
    select
        r1_0.permission_id,
        r1_1.id,
        r1_1.created_by,
        r1_1.created_date,
        r1_1.last_modified_date,
        r1_1.is_deleted,
        r1_1.deleted_at,
        r1_1.deleted_by,
        r1_1.last_modified_by,
        r1_1.name 
    from
        role_permissions r1_0 
    join
        roles r1_1 
            on r1_1.id=r1_0.role_id 
    where
        r1_0.permission_id=?
2025-11-22T10:49:22.364Z DEBUG 28503 --- [           main] org.hibernate.SQL                        : 
    select
        r1_0.permission_id,
        r1_1.id,
        r1_1.created_by,
        r1_1.created_date,
        r1_1.last_modified_date,
        r1_1.is_deleted,
        r1_1.deleted_at,
        r1_1.deleted_by,
        r1_1.last_modified_by,
        r1_1.name 
    from
        role_permissions r1_0 
    join
        roles r1_1 
            on r1_1.id=r1_0.role_id 
    where
        r1_0.permission_id=?
Hibernate: 
    select
        r1_0.permission_id,
        r1_1.id,
        r1_1.created_by,
        r1_1.created_date,
        r1_1.last_modified_date,
        r1_1.is_deleted,
        r1_1.deleted_at,
        r1_1.deleted_by,
        r1_1.last_modified_by,
        r1_1.name 
    from
        role_permissions r1_0 
    join
        roles r1_1 
            on r1_1.id=r1_0.role_id 
    where
        r1_0.permission_id=?
2025-11-22T10:49:22.365Z DEBUG 28503 --- [           main] org.hibernate.SQL                        : 
    select
        r1_0.permission_id,
        r1_1.id,
        r1_1.created_by,
        r1_1.created_date,
        r1_1.last_modified_date,
        r1_1.is_deleted,
        r1_1.deleted_at,
        r1_1.deleted_by,
        r1_1.last_modified_by,
        r1_1.name 
    from
        role_permissions r1_0 
    join
        roles r1_1 
            on r1_1.id=r1_0.role_id 
    where
        r1_0.permission_id=?
Hibernate: 
    select
        r1_0.permission_id,
        r1_1.id,
        r1_1.created_by,
        r1_1.created_date,
        r1_1.last_modified_date,
        r1_1.is_deleted,
        r1_1.deleted_at,
        r1_1.deleted_by,
        r1_1.last_modified_by,
        r1_1.name 
    from
        role_permissions r1_0 
    join
        roles r1_1 
            on r1_1.id=r1_0.role_id 
    where
        r1_0.permission_id=?
2025-11-22T10:49:22.365Z DEBUG 28503 --- [           main] org.hibernate.SQL                        : 
    select
        r1_0.permission_id,
        r1_1.id,
        r1_1.created_by,
        r1_1.created_date,
        r1_1.last_modified_date,
        r1_1.is_deleted,
        r1_1.deleted_at,
        r1_1.deleted_by,
        r1_1.last_modified_by,
        r1_1.name 
    from
        role_permissions r1_0 
    join
        roles r1_1 
            on r1_1.id=r1_0.role_id 
    where
        r1_0.permission_id=?
Hibernate: 
    select
        r1_0.permission_id,
        r1_1.id,
        r1_1.created_by,
        r1_1.created_date,
        r1_1.last_modified_date,
        r1_1.is_deleted,
        r1_1.deleted_at,
        r1_1.deleted_by,
        r1_1.last_modified_by,
        r1_1.name 
    from
        role_permissions r1_0 
    join
        roles r1_1 
            on r1_1.id=r1_0.role_id 
    where
        r1_0.permission_id=?
2025-11-22T10:49:22.366Z DEBUG 28503 --- [           main] org.hibernate.SQL                        : 
    select
        p1_0.role_id,
        p1_1.id,
        p1_1.created_by,
        p1_1.created_date,
        p1_1.last_modified_date,
        p1_1.is_deleted,
        p1_1.deleted_at,
        p1_1.deleted_by,
        p1_1.description,
        p1_1.last_modified_by,
        p1_1.nom 
    from
        role_permissions p1_0 
    join
        permissions p1_1 
            on p1_1.id=p1_0.permission_id 
    where
        p1_0.role_id in (select
            r1_1.id 
        from
            role_permissions r1_0 
        join
            roles r1_1 
                on r1_1.id=r1_0.role_id 
        where
            r1_0.permission_id=?)
Hibernate: 
    select
        p1_0.role_id,
        p1_1.id,
        p1_1.created_by,
        p1_1.created_date,
        p1_1.last_modified_date,
        p1_1.is_deleted,
        p1_1.deleted_at,
        p1_1.deleted_by,
        p1_1.description,
        p1_1.last_modified_by,
        p1_1.nom 
    from
        role_permissions p1_0 
    join
        permissions p1_1 
            on p1_1.id=p1_0.permission_id 
    where
        p1_0.role_id in (select
            r1_1.id 
        from
            role_permissions r1_0 
        join
            roles r1_1 
                on r1_1.id=r1_0.role_id 
        where
            r1_0.permission_id=?)
2025-11-22T10:49:22.367Z DEBUG 28503 --- [           main] org.hibernate.SQL                        : 
    select
        r1_0.permission_id,
        r1_1.id,
        r1_1.created_by,
        r1_1.created_date,
        r1_1.last_modified_date,
        r1_1.is_deleted,
        r1_1.deleted_at,
        r1_1.deleted_by,
        r1_1.last_modified_by,
        r1_1.name 
    from
        role_permissions r1_0 
    join
        roles r1_1 
            on r1_1.id=r1_0.role_id 
    where
        r1_0.permission_id=?
Hibernate: 
    select
        r1_0.permission_id,
        r1_1.id,
        r1_1.created_by,
        r1_1.created_date,
        r1_1.last_modified_date,
        r1_1.is_deleted,
        r1_1.deleted_at,
        r1_1.deleted_by,
        r1_1.last_modified_by,
        r1_1.name 
    from
        role_permissions r1_0 
    join
        roles r1_1 
            on r1_1.id=r1_0.role_id 
    where
        r1_0.permission_id=?
2025-11-22T10:49:22.368Z DEBUG 28503 --- [           main] org.hibernate.SQL                        : 
    select
        r1_0.permission_id,
        r1_1.id,
        r1_1.created_by,
        r1_1.created_date,
        r1_1.last_modified_date,
        r1_1.is_deleted,
        r1_1.deleted_at,
        r1_1.deleted_by,
        r1_1.last_modified_by,
        r1_1.name 
    from
        role_permissions r1_0 
    join
        roles r1_1 
            on r1_1.id=r1_0.role_id 
    where
        r1_0.permission_id=?
Hibernate: 
    select
        r1_0.permission_id,
        r1_1.id,
        r1_1.created_by,
        r1_1.created_date,
        r1_1.last_modified_date,
        r1_1.is_deleted,
        r1_1.deleted_at,
        r1_1.deleted_by,
        r1_1.last_modified_by,
        r1_1.name 
    from
        role_permissions r1_0 
    join
        roles r1_1 
            on r1_1.id=r1_0.role_id 
    where
        r1_0.permission_id=?
2025-11-22T10:49:22.368Z DEBUG 28503 --- [           main] org.hibernate.SQL                        : 
    select
        r1_0.permission_id,
        r1_1.id,
        r1_1.created_by,
        r1_1.created_date,
        r1_1.last_modified_date,
        r1_1.is_deleted,
        r1_1.deleted_at,
        r1_1.deleted_by,
        r1_1.last_modified_by,
        r1_1.name 
    from
        role_permissions r1_0 
    join
        roles r1_1 
            on r1_1.id=r1_0.role_id 
    where
        r1_0.permission_id=?
Hibernate: 
    select
        r1_0.permission_id,
        r1_1.id,
        r1_1.created_by,
        r1_1.created_date,
        r1_1.last_modified_date,
        r1_1.is_deleted,
        r1_1.deleted_at,
        r1_1.deleted_by,
        r1_1.last_modified_by,
        r1_1.name 
    from
        role_permissions r1_0 
    join
        roles r1_1 
            on r1_1.id=r1_0.role_id 
    where
        r1_0.permission_id=?
2025-11-22T10:49:22.368Z DEBUG 28503 --- [           main] org.hibernate.SQL                        : 
    select
        r1_0.permission_id,
        r1_1.id,
        r1_1.created_by,
        r1_1.created_date,
        r1_1.last_modified_date,
        r1_1.is_deleted,
        r1_1.deleted_at,
        r1_1.deleted_by,
        r1_1.last_modified_by,
        r1_1.name 
    from
        role_permissions r1_0 
    join
        roles r1_1 
            on r1_1.id=r1_0.role_id 
    where
        r1_0.permission_id=?
Hibernate: 
    select
        r1_0.permission_id,
        r1_1.id,
        r1_1.created_by,
        r1_1.created_date,
        r1_1.last_modified_date,
        r1_1.is_deleted,
        r1_1.deleted_at,
        r1_1.deleted_by,
        r1_1.last_modified_by,
        r1_1.name 
    from
        role_permissions r1_0 
    join
        roles r1_1 
            on r1_1.id=r1_0.role_id 
    where
        r1_0.permission_id=?
2025-11-22T10:49:22.369Z DEBUG 28503 --- [           main] org.hibernate.SQL                        : 
    select
        r1_0.permission_id,
        r1_1.id,
        r1_1.created_by,
        r1_1.created_date,
        r1_1.last_modified_date,
        r1_1.is_deleted,
        r1_1.deleted_at,
        r1_1.deleted_by,
        r1_1.last_modified_by,
        r1_1.name 
    from
        role_permissions r1_0 
    join
        roles r1_1 
            on r1_1.id=r1_0.role_id 
    where
        r1_0.permission_id=?
Hibernate: 
    select
        r1_0.permission_id,
        r1_1.id,
        r1_1.created_by,
        r1_1.created_date,
        r1_1.last_modified_date,
        r1_1.is_deleted,
        r1_1.deleted_at,
        r1_1.deleted_by,
        r1_1.last_modified_by,
        r1_1.name 
    from
        role_permissions r1_0 
    join
        roles r1_1 
            on r1_1.id=r1_0.role_id 
    where
        r1_0.permission_id=?
2025-11-22T10:49:22.370Z DEBUG 28503 --- [           main] org.hibernate.SQL                        : 
    select
        r1_0.id,
        r1_0.created_by,
        r1_0.created_date,
        r1_0.last_modified_date,
        r1_0.is_deleted,
        r1_0.deleted_at,
        r1_0.deleted_by,
        r1_0.last_modified_by,
        r1_0.name 
    from
        roles r1_0 
    where
        r1_0.name=?
Hibernate: 
    select
        r1_0.id,
        r1_0.created_by,
        r1_0.created_date,
        r1_0.last_modified_date,
        r1_0.is_deleted,
        r1_0.deleted_at,
        r1_0.deleted_by,
        r1_0.last_modified_by,
        r1_0.name 
    from
        roles r1_0 
    where
        r1_0.name=?
2025-11-22T10:49:22.370Z DEBUG 28503 --- [           main] org.hibernate.SQL                        : 
    select
        p1_0.role_id,
        p1_1.id,
        p1_1.created_by,
        p1_1.created_date,
        p1_1.last_modified_date,
        p1_1.is_deleted,
        p1_1.deleted_at,
        p1_1.deleted_by,
        p1_1.description,
        p1_1.last_modified_by,
        p1_1.nom 
    from
        role_permissions p1_0 
    join
        permissions p1_1 
            on p1_1.id=p1_0.permission_id 
    where
        p1_0.role_id=?
Hibernate: 
    select
        p1_0.role_id,
        p1_1.id,
        p1_1.created_by,
        p1_1.created_date,
        p1_1.last_modified_date,
        p1_1.is_deleted,
        p1_1.deleted_at,
        p1_1.deleted_by,
        p1_1.description,
        p1_1.last_modified_by,
        p1_1.nom 
    from
        role_permissions p1_0 
    join
        permissions p1_1 
            on p1_1.id=p1_0.permission_id 
    where
        p1_0.role_id=?
2025-11-22T10:49:22.371Z  INFO 28503 --- [           main] c.r.G.services.RoleServiceImp            : Début de l'initialisation des permissions pour les rôles...
2025-11-22T10:49:22.372Z DEBUG 28503 --- [           main] org.hibernate.SQL                        : 
    select
        p1_0.id 
    from
        permissions p1_0 
    where
        p1_0.nom=? 
    fetch
        first ? rows only
Hibernate: 
    select
        p1_0.id 
    from
        permissions p1_0 
    where
        p1_0.nom=? 
    fetch
        first ? rows only
2025-11-22T10:49:22.373Z DEBUG 28503 --- [           main] org.hibernate.SQL                        : 
    select
        p1_0.id 
    from
        permissions p1_0 
    where
        p1_0.nom=? 
    fetch
        first ? rows only
Hibernate: 
    select
        p1_0.id 
    from
        permissions p1_0 
    where
        p1_0.nom=? 
    fetch
        first ? rows only
2025-11-22T10:49:22.374Z DEBUG 28503 --- [           main] org.hibernate.SQL                        : 
    select
        p1_0.id 
    from
        permissions p1_0 
    where
        p1_0.nom=? 
    fetch
        first ? rows only
Hibernate: 
    select
        p1_0.id 
    from
        permissions p1_0 
    where
        p1_0.nom=? 
    fetch
        first ? rows only
2025-11-22T10:49:22.375Z DEBUG 28503 --- [           main] org.hibernate.SQL                        : 
    select
        p1_0.id 
    from
        permissions p1_0 
    where
        p1_0.nom=? 
    fetch
        first ? rows only
Hibernate: 
    select
        p1_0.id 
    from
        permissions p1_0 
    where
        p1_0.nom=? 
    fetch
        first ? rows only
2025-11-22T10:49:22.376Z DEBUG 28503 --- [           main] org.hibernate.SQL                        : 
    select
        p1_0.id 
    from
        permissions p1_0 
    where
        p1_0.nom=? 
    fetch
        first ? rows only
Hibernate: 
    select
        p1_0.id 
    from
        permissions p1_0 
    where
        p1_0.nom=? 
    fetch
        first ? rows only
2025-11-22T10:49:22.376Z DEBUG 28503 --- [           main] org.hibernate.SQL                        : 
    select
        p1_0.id 
    from
        permissions p1_0 
    where
        p1_0.nom=? 
    fetch
        first ? rows only
Hibernate: 
    select
        p1_0.id 
    from
        permissions p1_0 
    where
        p1_0.nom=? 
    fetch
        first ? rows only
2025-11-22T10:49:22.377Z DEBUG 28503 --- [           main] org.hibernate.SQL                        : 
    select
        p1_0.id 
    from
        permissions p1_0 
    where
        p1_0.nom=? 
    fetch
        first ? rows only
Hibernate: 
    select
        p1_0.id 
    from
        permissions p1_0 
    where
        p1_0.nom=? 
    fetch
        first ? rows only
2025-11-22T10:49:22.377Z DEBUG 28503 --- [           main] org.hibernate.SQL                        : 
    select
        p1_0.id 
    from
        permissions p1_0 
    where
        p1_0.nom=? 
    fetch
        first ? rows only
Hibernate: 
    select
        p1_0.id 
    from
        permissions p1_0 
    where
        p1_0.nom=? 
    fetch
        first ? rows only
2025-11-22T10:49:22.378Z DEBUG 28503 --- [           main] org.hibernate.SQL                        : 
    select
        p1_0.id 
    from
        permissions p1_0 
    where
        p1_0.nom=? 
    fetch
        first ? rows only
Hibernate: 
    select
        p1_0.id 
    from
        permissions p1_0 
    where
        p1_0.nom=? 
    fetch
        first ? rows only
2025-11-22T10:49:22.379Z DEBUG 28503 --- [           main] org.hibernate.SQL                        : 
    select
        p1_0.id 
    from
        permissions p1_0 
    where
        p1_0.nom=? 
    fetch
        first ? rows only
Hibernate: 
    select
        p1_0.id 
    from
        permissions p1_0 
    where
        p1_0.nom=? 
    fetch
        first ? rows only
2025-11-22T10:49:22.379Z DEBUG 28503 --- [           main] org.hibernate.SQL                        : 
    select
        r1_0.id,
        r1_0.created_by,
        r1_0.created_date,
        r1_0.last_modified_date,
        r1_0.is_deleted,
        r1_0.deleted_at,
        r1_0.deleted_by,
        r1_0.last_modified_by,
        r1_0.name 
    from
        roles r1_0 
    where
        r1_0.name=?
Hibernate: 
    select
        r1_0.id,
        r1_0.created_by,
        r1_0.created_date,
        r1_0.last_modified_date,
        r1_0.is_deleted,
        r1_0.deleted_at,
        r1_0.deleted_by,
        r1_0.last_modified_by,
        r1_0.name 
    from
        roles r1_0 
    where
        r1_0.name=?
2025-11-22T10:49:22.380Z DEBUG 28503 --- [           main] org.hibernate.SQL                        : 
    select
        p1_0.role_id,
        p1_1.id,
        p1_1.created_by,
        p1_1.created_date,
        p1_1.last_modified_date,
        p1_1.is_deleted,
        p1_1.deleted_at,
        p1_1.deleted_by,
        p1_1.description,
        p1_1.last_modified_by,
        p1_1.nom 
    from
        role_permissions p1_0 
    join
        permissions p1_1 
            on p1_1.id=p1_0.permission_id 
    where
        p1_0.role_id=?
Hibernate: 
    select
        p1_0.role_id,
        p1_1.id,
        p1_1.created_by,
        p1_1.created_date,
        p1_1.last_modified_date,
        p1_1.is_deleted,
        p1_1.deleted_at,
        p1_1.deleted_by,
        p1_1.description,
        p1_1.last_modified_by,
        p1_1.nom 
    from
        role_permissions p1_0 
    join
        permissions p1_1 
            on p1_1.id=p1_0.permission_id 
    where
        p1_0.role_id=?
2025-11-22T10:49:22.381Z DEBUG 28503 --- [           main] org.hibernate.SQL                        : 
    select
        r1_0.permission_id,
        r1_1.id,
        r1_1.created_by,
        r1_1.created_date,
        r1_1.last_modified_date,
        r1_1.is_deleted,
        r1_1.deleted_at,
        r1_1.deleted_by,
        r1_1.last_modified_by,
        r1_1.name 
    from
        role_permissions r1_0 
    join
        roles r1_1 
            on r1_1.id=r1_0.role_id 
    where
        r1_0.permission_id=?
Hibernate: 
    select
        r1_0.permission_id,
        r1_1.id,
        r1_1.created_by,
        r1_1.created_date,
        r1_1.last_modified_date,
        r1_1.is_deleted,
        r1_1.deleted_at,
        r1_1.deleted_by,
        r1_1.last_modified_by,
        r1_1.name 
    from
        role_permissions r1_0 
    join
        roles r1_1 
            on r1_1.id=r1_0.role_id 
    where
        r1_0.permission_id=?
2025-11-22T10:49:22.381Z DEBUG 28503 --- [           main] org.hibernate.SQL                        : 
    select
        r1_0.permission_id,
        r1_1.id,
        r1_1.created_by,
        r1_1.created_date,
        r1_1.last_modified_date,
        r1_1.is_deleted,
        r1_1.deleted_at,
        r1_1.deleted_by,
        r1_1.last_modified_by,
        r1_1.name 
    from
        role_permissions r1_0 
    join
        roles r1_1 
            on r1_1.id=r1_0.role_id 
    where
        r1_0.permission_id=?
Hibernate: 
    select
        r1_0.permission_id,
        r1_1.id,
        r1_1.created_by,
        r1_1.created_date,
        r1_1.last_modified_date,
        r1_1.is_deleted,
        r1_1.deleted_at,
        r1_1.deleted_by,
        r1_1.last_modified_by,
        r1_1.name 
    from
        role_permissions r1_0 
    join
        roles r1_1 
            on r1_1.id=r1_0.role_id 
    where
        r1_0.permission_id=?
2025-11-22T10:49:22.382Z DEBUG 28503 --- [           main] org.hibernate.SQL                        : 
    select
        r1_0.permission_id,
        r1_1.id,
        r1_1.created_by,
        r1_1.created_date,
        r1_1.last_modified_date,
        r1_1.is_deleted,
        r1_1.deleted_at,
        r1_1.deleted_by,
        r1_1.last_modified_by,
        r1_1.name 
    from
        role_permissions r1_0 
    join
        roles r1_1 
            on r1_1.id=r1_0.role_id 
    where
        r1_0.permission_id=?
Hibernate: 
    select
        r1_0.permission_id,
        r1_1.id,
        r1_1.created_by,
        r1_1.created_date,
        r1_1.last_modified_date,
        r1_1.is_deleted,
        r1_1.deleted_at,
        r1_1.deleted_by,
        r1_1.last_modified_by,
        r1_1.name 
    from
        role_permissions r1_0 
    join
        roles r1_1 
            on r1_1.id=r1_0.role_id 
    where
        r1_0.permission_id=?
2025-11-22T10:49:22.382Z DEBUG 28503 --- [           main] org.hibernate.SQL                        : 
    select
        r1_0.permission_id,
        r1_1.id,
        r1_1.created_by,
        r1_1.created_date,
        r1_1.last_modified_date,
        r1_1.is_deleted,
        r1_1.deleted_at,
        r1_1.deleted_by,
        r1_1.last_modified_by,
        r1_1.name 
    from
        role_permissions r1_0 
    join
        roles r1_1 
            on r1_1.id=r1_0.role_id 
    where
        r1_0.permission_id=?
Hibernate: 
    select
        r1_0.permission_id,
        r1_1.id,
        r1_1.created_by,
        r1_1.created_date,
        r1_1.last_modified_date,
        r1_1.is_deleted,
        r1_1.deleted_at,
        r1_1.deleted_by,
        r1_1.last_modified_by,
        r1_1.name 
    from
        role_permissions r1_0 
    join
        roles r1_1 
            on r1_1.id=r1_0.role_id 
    where
        r1_0.permission_id=?
2025-11-22T10:49:22.383Z DEBUG 28503 --- [           main] org.hibernate.SQL                        : 
    select
        r1_0.permission_id,
        r1_1.id,
        r1_1.created_by,
        r1_1.created_date,
        r1_1.last_modified_date,
        r1_1.is_deleted,
        r1_1.deleted_at,
        r1_1.deleted_by,
        r1_1.last_modified_by,
        r1_1.name 
    from
        role_permissions r1_0 
    join
        roles r1_1 
            on r1_1.id=r1_0.role_id 
    where
        r1_0.permission_id=?
Hibernate: 
    select
        r1_0.permission_id,
        r1_1.id,
        r1_1.created_by,
        r1_1.created_date,
        r1_1.last_modified_date,
        r1_1.is_deleted,
        r1_1.deleted_at,
        r1_1.deleted_by,
        r1_1.last_modified_by,
        r1_1.name 
    from
        role_permissions r1_0 
    join
        roles r1_1 
            on r1_1.id=r1_0.role_id 
    where
        r1_0.permission_id=?
2025-11-22T10:49:22.383Z DEBUG 28503 --- [           main] org.hibernate.SQL                        : 
    select
        r1_0.permission_id,
        r1_1.id,
        r1_1.created_by,
        r1_1.created_date,
        r1_1.last_modified_date,
        r1_1.is_deleted,
        r1_1.deleted_at,
        r1_1.deleted_by,
        r1_1.last_modified_by,
        r1_1.name 
    from
        role_permissions r1_0 
    join
        roles r1_1 
            on r1_1.id=r1_0.role_id 
    where
        r1_0.permission_id=?
Hibernate: 
    select
        r1_0.permission_id,
        r1_1.id,
        r1_1.created_by,
        r1_1.created_date,
        r1_1.last_modified_date,
        r1_1.is_deleted,
        r1_1.deleted_at,
        r1_1.deleted_by,
        r1_1.last_modified_by,
        r1_1.name 
    from
        role_permissions r1_0 
    join
        roles r1_1 
            on r1_1.id=r1_0.role_id 
    where
        r1_0.permission_id=?
2025-11-22T10:49:22.383Z DEBUG 28503 --- [           main] org.hibernate.SQL                        : 
    select
        r1_0.permission_id,
        r1_1.id,
        r1_1.created_by,
        r1_1.created_date,
        r1_1.last_modified_date,
        r1_1.is_deleted,
        r1_1.deleted_at,
        r1_1.deleted_by,
        r1_1.last_modified_by,
        r1_1.name 
    from
        role_permissions r1_0 
    join
        roles r1_1 
            on r1_1.id=r1_0.role_id 
    where
        r1_0.permission_id=?
Hibernate: 
    select
        r1_0.permission_id,
        r1_1.id,
        r1_1.created_by,
        r1_1.created_date,
        r1_1.last_modified_date,
        r1_1.is_deleted,
        r1_1.deleted_at,
        r1_1.deleted_by,
        r1_1.last_modified_by,
        r1_1.name 
    from
        role_permissions r1_0 
    join
        roles r1_1 
            on r1_1.id=r1_0.role_id 
    where
        r1_0.permission_id=?
2025-11-22T10:49:22.383Z DEBUG 28503 --- [           main] org.hibernate.SQL                        : 
    select
        r1_0.permission_id,
        r1_1.id,
        r1_1.created_by,
        r1_1.created_date,
        r1_1.last_modified_date,
        r1_1.is_deleted,
        r1_1.deleted_at,
        r1_1.deleted_by,
        r1_1.last_modified_by,
        r1_1.name 
    from
        role_permissions r1_0 
    join
        roles r1_1 
            on r1_1.id=r1_0.role_id 
    where
        r1_0.permission_id=?
Hibernate: 
    select
        r1_0.permission_id,
        r1_1.id,
        r1_1.created_by,
        r1_1.created_date,
        r1_1.last_modified_date,
        r1_1.is_deleted,
        r1_1.deleted_at,
        r1_1.deleted_by,
        r1_1.last_modified_by,
        r1_1.name 
    from
        role_permissions r1_0 
    join
        roles r1_1 
            on r1_1.id=r1_0.role_id 
    where
        r1_0.permission_id=?
2025-11-22T10:49:22.384Z DEBUG 28503 --- [           main] org.hibernate.SQL                        : 
    select
        r1_0.permission_id,
        r1_1.id,
        r1_1.created_by,
        r1_1.created_date,
        r1_1.last_modified_date,
        r1_1.is_deleted,
        r1_1.deleted_at,
        r1_1.deleted_by,
        r1_1.last_modified_by,
        r1_1.name 
    from
        role_permissions r1_0 
    join
        roles r1_1 
            on r1_1.id=r1_0.role_id 
    where
        r1_0.permission_id=?
Hibernate: 
    select
        r1_0.permission_id,
        r1_1.id,
        r1_1.created_by,
        r1_1.created_date,
        r1_1.last_modified_date,
        r1_1.is_deleted,
        r1_1.deleted_at,
        r1_1.deleted_by,
        r1_1.last_modified_by,
        r1_1.name 
    from
        role_permissions r1_0 
    join
        roles r1_1 
            on r1_1.id=r1_0.role_id 
    where
        r1_0.permission_id=?
2025-11-22T10:49:22.384Z DEBUG 28503 --- [           main] org.hibernate.SQL                        : 
    select
        p1_0.role_id,
        p1_1.id,
        p1_1.created_by,
        p1_1.created_date,
        p1_1.last_modified_date,
        p1_1.is_deleted,
        p1_1.deleted_at,
        p1_1.deleted_by,
        p1_1.description,
        p1_1.last_modified_by,
        p1_1.nom 
    from
        role_permissions p1_0 
    join
        permissions p1_1 
            on p1_1.id=p1_0.permission_id 
    where
        p1_0.role_id in (select
            r1_1.id 
        from
            role_permissions r1_0 
        join
            roles r1_1 
                on r1_1.id=r1_0.role_id 
        where
            r1_0.permission_id=?)
Hibernate: 
    select
        p1_0.role_id,
        p1_1.id,
        p1_1.created_by,
        p1_1.created_date,
        p1_1.last_modified_date,
        p1_1.is_deleted,
        p1_1.deleted_at,
        p1_1.deleted_by,
        p1_1.description,
        p1_1.last_modified_by,
        p1_1.nom 
    from
        role_permissions p1_0 
    join
        permissions p1_1 
            on p1_1.id=p1_0.permission_id 
    where
        p1_0.role_id in (select
            r1_1.id 
        from
            role_permissions r1_0 
        join
            roles r1_1 
                on r1_1.id=r1_0.role_id 
        where
            r1_0.permission_id=?)
2025-11-22T10:49:22.385Z DEBUG 28503 --- [           main] org.hibernate.SQL                        : 
    select
        r1_0.permission_id,
        r1_1.id,
        r1_1.created_by,
        r1_1.created_date,
        r1_1.last_modified_date,
        r1_1.is_deleted,
        r1_1.deleted_at,
        r1_1.deleted_by,
        r1_1.last_modified_by,
        r1_1.name 
    from
        role_permissions r1_0 
    join
        roles r1_1 
            on r1_1.id=r1_0.role_id 
    where
        r1_0.permission_id=?
Hibernate: 
    select
        r1_0.permission_id,
        r1_1.id,
        r1_1.created_by,
        r1_1.created_date,
        r1_1.last_modified_date,
        r1_1.is_deleted,
        r1_1.deleted_at,
        r1_1.deleted_by,
        r1_1.last_modified_by,
        r1_1.name 
    from
        role_permissions r1_0 
    join
        roles r1_1 
            on r1_1.id=r1_0.role_id 
    where
        r1_0.permission_id=?
2025-11-22T10:49:22.391Z DEBUG 28503 --- [           main] org.hibernate.SQL                        : 
    select
        p1_0.id,
        p1_0.created_by,
        p1_0.created_date,
        p1_0.last_modified_date,
        p1_0.is_deleted,
        p1_0.deleted_at,
        p1_0.deleted_by,
        p1_0.description,
        p1_0.last_modified_by,
        p1_0.nom 
    from
        permissions p1_0 
    where
        p1_0.nom=?
Hibernate: 
    select
        p1_0.id,
        p1_0.created_by,
        p1_0.created_date,
        p1_0.last_modified_date,
        p1_0.is_deleted,
        p1_0.deleted_at,
        p1_0.deleted_by,
        p1_0.description,
        p1_0.last_modified_by,
        p1_0.nom 
    from
        permissions p1_0 
    where
        p1_0.nom=?
2025-11-22T10:49:22.393Z DEBUG 28503 --- [           main] org.hibernate.SQL                        : 
    select
        p1_0.id,
        p1_0.created_by,
        p1_0.created_date,
        p1_0.last_modified_date,
        p1_0.is_deleted,
        p1_0.deleted_at,
        p1_0.deleted_by,
        p1_0.description,
        p1_0.last_modified_by,
        p1_0.nom 
    from
        permissions p1_0 
    where
        p1_0.nom=?
Hibernate: 
    select
        p1_0.id,
        p1_0.created_by,
        p1_0.created_date,
        p1_0.last_modified_date,
        p1_0.is_deleted,
        p1_0.deleted_at,
        p1_0.deleted_by,
        p1_0.description,
        p1_0.last_modified_by,
        p1_0.nom 
    from
        permissions p1_0 
    where
        p1_0.nom=?
2025-11-22T10:49:22.394Z DEBUG 28503 --- [           main] org.hibernate.SQL                        : 
    select
        p1_0.id,
        p1_0.created_by,
        p1_0.created_date,
        p1_0.last_modified_date,
        p1_0.is_deleted,
        p1_0.deleted_at,
        p1_0.deleted_by,
        p1_0.description,
        p1_0.last_modified_by,
        p1_0.nom 
    from
        permissions p1_0 
    where
        p1_0.nom=?
Hibernate: 
    select
        p1_0.id,
        p1_0.created_by,
        p1_0.created_date,
        p1_0.last_modified_date,
        p1_0.is_deleted,
        p1_0.deleted_at,
        p1_0.deleted_by,
        p1_0.description,
        p1_0.last_modified_by,
        p1_0.nom 
    from
        permissions p1_0 
    where
        p1_0.nom=?
2025-11-22T10:49:22.396Z DEBUG 28503 --- [           main] org.hibernate.SQL                        : 
    select
        p1_0.id,
        p1_0.created_by,
        p1_0.created_date,
        p1_0.last_modified_date,
        p1_0.is_deleted,
        p1_0.deleted_at,
        p1_0.deleted_by,
        p1_0.description,
        p1_0.last_modified_by,
        p1_0.nom 
    from
        permissions p1_0 
    where
        p1_0.nom=?
Hibernate: 
    select
        p1_0.id,
        p1_0.created_by,
        p1_0.created_date,
        p1_0.last_modified_date,
        p1_0.is_deleted,
        p1_0.deleted_at,
        p1_0.deleted_by,
        p1_0.description,
        p1_0.last_modified_by,
        p1_0.nom 
    from
        permissions p1_0 
    where
        p1_0.nom=?
2025-11-22T10:49:22.397Z DEBUG 28503 --- [           main] org.hibernate.SQL                        : 
    select
        p1_0.id,
        p1_0.created_by,
        p1_0.created_date,
        p1_0.last_modified_date,
        p1_0.is_deleted,
        p1_0.deleted_at,
        p1_0.deleted_by,
        p1_0.description,
        p1_0.last_modified_by,
        p1_0.nom 
    from
        permissions p1_0 
    where
        p1_0.nom=?
Hibernate: 
    select
        p1_0.id,
        p1_0.created_by,
        p1_0.created_date,
        p1_0.last_modified_date,
        p1_0.is_deleted,
        p1_0.deleted_at,
        p1_0.deleted_by,
        p1_0.description,
        p1_0.last_modified_by,
        p1_0.nom 
    from
        permissions p1_0 
    where
        p1_0.nom=?
2025-11-22T10:49:22.398Z DEBUG 28503 --- [           main] org.hibernate.SQL                        : 
    select
        p1_0.id,
        p1_0.created_by,
        p1_0.created_date,
        p1_0.last_modified_date,
        p1_0.is_deleted,
        p1_0.deleted_at,
        p1_0.deleted_by,
        p1_0.description,
        p1_0.last_modified_by,
        p1_0.nom 
    from
        permissions p1_0 
    where
        p1_0.nom=?
Hibernate: 
    select
        p1_0.id,
        p1_0.created_by,
        p1_0.created_date,
        p1_0.last_modified_date,
        p1_0.is_deleted,
        p1_0.deleted_at,
        p1_0.deleted_by,
        p1_0.description,
        p1_0.last_modified_by,
        p1_0.nom 
    from
        permissions p1_0 
    where
        p1_0.nom=?
2025-11-22T10:49:22.399Z DEBUG 28503 --- [           main] org.hibernate.SQL                        : 
    select
        p1_0.id,
        p1_0.created_by,
        p1_0.created_date,
        p1_0.last_modified_date,
        p1_0.is_deleted,
        p1_0.deleted_at,
        p1_0.deleted_by,
        p1_0.description,
        p1_0.last_modified_by,
        p1_0.nom 
    from
        permissions p1_0 
    where
        p1_0.nom=?
Hibernate: 
    select
        p1_0.id,
        p1_0.created_by,
        p1_0.created_date,
        p1_0.last_modified_date,
        p1_0.is_deleted,
        p1_0.deleted_at,
        p1_0.deleted_by,
        p1_0.description,
        p1_0.last_modified_by,
        p1_0.nom 
    from
        permissions p1_0 
    where
        p1_0.nom=?
2025-11-22T10:49:22.400Z DEBUG 28503 --- [           main] org.hibernate.SQL                        : 
    select
        p1_0.id,
        p1_0.created_by,
        p1_0.created_date,
        p1_0.last_modified_date,
        p1_0.is_deleted,
        p1_0.deleted_at,
        p1_0.deleted_by,
        p1_0.description,
        p1_0.last_modified_by,
        p1_0.nom 
    from
        permissions p1_0 
    where
        p1_0.nom=?
Hibernate: 
    select
        p1_0.id,
        p1_0.created_by,
        p1_0.created_date,
        p1_0.last_modified_date,
        p1_0.is_deleted,
        p1_0.deleted_at,
        p1_0.deleted_by,
        p1_0.description,
        p1_0.last_modified_by,
        p1_0.nom 
    from
        permissions p1_0 
    where
        p1_0.nom=?
2025-11-22T10:49:22.401Z DEBUG 28503 --- [           main] org.hibernate.SQL                        : 
    select
        p1_0.id,
        p1_0.created_by,
        p1_0.created_date,
        p1_0.last_modified_date,
        p1_0.is_deleted,
        p1_0.deleted_at,
        p1_0.deleted_by,
        p1_0.description,
        p1_0.last_modified_by,
        p1_0.nom 
    from
        permissions p1_0 
    where
        p1_0.nom=?
Hibernate: 
    select
        p1_0.id,
        p1_0.created_by,
        p1_0.created_date,
        p1_0.last_modified_date,
        p1_0.is_deleted,
        p1_0.deleted_at,
        p1_0.deleted_by,
        p1_0.description,
        p1_0.last_modified_by,
        p1_0.nom 
    from
        permissions p1_0 
    where
        p1_0.nom=?
2025-11-22T10:49:22.404Z  INFO 28503 --- [           main] c.r.G.services.RoleServiceImp            : Permissions initialisées pour le rôle ROLE_ADMIN : 9 permission(s) assignée(s)
2025-11-22T10:49:22.405Z DEBUG 28503 --- [           main] org.hibernate.SQL                        : 
    select
        r1_0.id,
        r1_0.created_by,
        r1_0.created_date,
        r1_0.last_modified_date,
        r1_0.is_deleted,
        r1_0.deleted_at,
        r1_0.deleted_by,
        r1_0.last_modified_by,
        r1_0.name 
    from
        roles r1_0 
    where
        r1_0.name=?
Hibernate: 
    select
        r1_0.id,
        r1_0.created_by,
        r1_0.created_date,
        r1_0.last_modified_date,
        r1_0.is_deleted,
        r1_0.deleted_at,
        r1_0.deleted_by,
        r1_0.last_modified_by,
        r1_0.name 
    from
        roles r1_0 
    where
        r1_0.name=?
2025-11-22T10:49:22.406Z DEBUG 28503 --- [           main] org.hibernate.SQL                        : 
    select
        p1_0.id,
        p1_0.created_by,
        p1_0.created_date,
        p1_0.last_modified_date,
        p1_0.is_deleted,
        p1_0.deleted_at,
        p1_0.deleted_by,
        p1_0.description,
        p1_0.last_modified_by,
        p1_0.nom 
    from
        permissions p1_0 
    where
        p1_0.nom=?
Hibernate: 
    select
        p1_0.id,
        p1_0.created_by,
        p1_0.created_date,
        p1_0.last_modified_date,
        p1_0.is_deleted,
        p1_0.deleted_at,
        p1_0.deleted_by,
        p1_0.description,
        p1_0.last_modified_by,
        p1_0.nom 
    from
        permissions p1_0 
    where
        p1_0.nom=?
2025-11-22T10:49:22.407Z DEBUG 28503 --- [           main] org.hibernate.SQL                        : 
    select
        p1_0.id,
        p1_0.created_by,
        p1_0.created_date,
        p1_0.last_modified_date,
        p1_0.is_deleted,
        p1_0.deleted_at,
        p1_0.deleted_by,
        p1_0.description,
        p1_0.last_modified_by,
        p1_0.nom 
    from
        permissions p1_0 
    where
        p1_0.nom=?
Hibernate: 
    select
        p1_0.id,
        p1_0.created_by,
        p1_0.created_date,
        p1_0.last_modified_date,
        p1_0.is_deleted,
        p1_0.deleted_at,
        p1_0.deleted_by,
        p1_0.description,
        p1_0.last_modified_by,
        p1_0.nom 
    from
        permissions p1_0 
    where
        p1_0.nom=?
2025-11-22T10:49:22.408Z DEBUG 28503 --- [           main] org.hibernate.SQL                        : 
    select
        p1_0.id,
        p1_0.created_by,
        p1_0.created_date,
        p1_0.last_modified_date,
        p1_0.is_deleted,
        p1_0.deleted_at,
        p1_0.deleted_by,
        p1_0.description,
        p1_0.last_modified_by,
        p1_0.nom 
    from
        permissions p1_0 
    where
        p1_0.nom=?
Hibernate: 
    select
        p1_0.id,
        p1_0.created_by,
        p1_0.created_date,
        p1_0.last_modified_date,
        p1_0.is_deleted,
        p1_0.deleted_at,
        p1_0.deleted_by,
        p1_0.description,
        p1_0.last_modified_by,
        p1_0.nom 
    from
        permissions p1_0 
    where
        p1_0.nom=?
2025-11-22T10:49:22.409Z DEBUG 28503 --- [           main] org.hibernate.SQL                        : 
    select
        p1_0.id,
        p1_0.created_by,
        p1_0.created_date,
        p1_0.last_modified_date,
        p1_0.is_deleted,
        p1_0.deleted_at,
        p1_0.deleted_by,
        p1_0.description,
        p1_0.last_modified_by,
        p1_0.nom 
    from
        permissions p1_0 
    where
        p1_0.nom=?
Hibernate: 
    select
        p1_0.id,
        p1_0.created_by,
        p1_0.created_date,
        p1_0.last_modified_date,
        p1_0.is_deleted,
        p1_0.deleted_at,
        p1_0.deleted_by,
        p1_0.description,
        p1_0.last_modified_by,
        p1_0.nom 
    from
        permissions p1_0 
    where
        p1_0.nom=?
2025-11-22T10:49:22.410Z DEBUG 28503 --- [           main] org.hibernate.SQL                        : 
    select
        p1_0.id,
        p1_0.created_by,
        p1_0.created_date,
        p1_0.last_modified_date,
        p1_0.is_deleted,
        p1_0.deleted_at,
        p1_0.deleted_by,
        p1_0.description,
        p1_0.last_modified_by,
        p1_0.nom 
    from
        permissions p1_0 
    where
        p1_0.nom=?
Hibernate: 
    select
        p1_0.id,
        p1_0.created_by,
        p1_0.created_date,
        p1_0.last_modified_date,
        p1_0.is_deleted,
        p1_0.deleted_at,
        p1_0.deleted_by,
        p1_0.description,
        p1_0.last_modified_by,
        p1_0.nom 
    from
        permissions p1_0 
    where
        p1_0.nom=?
2025-11-22T10:49:22.410Z  INFO 28503 --- [           main] c.r.G.services.RoleServiceImp            : Permissions initialisées pour le rôle ROLE_SUPERVISEUR : 5 permission(s) assignée(s)
2025-11-22T10:49:22.411Z DEBUG 28503 --- [           main] org.hibernate.SQL                        : 
    select
        r1_0.id,
        r1_0.created_by,
        r1_0.created_date,
        r1_0.last_modified_date,
        r1_0.is_deleted,
        r1_0.deleted_at,
        r1_0.deleted_by,
        r1_0.last_modified_by,
        r1_0.name 
    from
        roles r1_0 
    where
        r1_0.name=?
Hibernate: 
    select
        r1_0.id,
        r1_0.created_by,
        r1_0.created_date,
        r1_0.last_modified_date,
        r1_0.is_deleted,
        r1_0.deleted_at,
        r1_0.deleted_by,
        r1_0.last_modified_by,
        r1_0.name 
    from
        roles r1_0 
    where
        r1_0.name=?
2025-11-22T10:49:22.411Z DEBUG 28503 --- [           main] org.hibernate.SQL                        : 
    select
        p1_0.role_id,
        p1_1.id,
        p1_1.created_by,
        p1_1.created_date,
        p1_1.last_modified_date,
        p1_1.is_deleted,
        p1_1.deleted_at,
        p1_1.deleted_by,
        p1_1.description,
        p1_1.last_modified_by,
        p1_1.nom 
    from
        role_permissions p1_0 
    join
        permissions p1_1 
            on p1_1.id=p1_0.permission_id 
    where
        p1_0.role_id=?
Hibernate: 
    select
        p1_0.role_id,
        p1_1.id,
        p1_1.created_by,
        p1_1.created_date,
        p1_1.last_modified_date,
        p1_1.is_deleted,
        p1_1.deleted_at,
        p1_1.deleted_by,
        p1_1.description,
        p1_1.last_modified_by,
        p1_1.nom 
    from
        role_permissions p1_0 
    join
        permissions p1_1 
            on p1_1.id=p1_0.permission_id 
    where
        p1_0.role_id=?
2025-11-22T10:49:22.412Z  INFO 28503 --- [           main] c.r.G.services.RoleServiceImp            : Permissions initialisées pour le rôle ROLE_OPERATEUR : 0 permission(s) assignée(s)
2025-11-22T10:49:22.412Z  INFO 28503 --- [           main] c.r.G.services.RoleServiceImp            : Initialisation des permissions terminée avec succès
2025-11-22T10:49:22.417Z  INFO 28503 --- [           main] c.r.G.GestionDeTriApplication            : ✅ Permissions des rôles initialisées avec succès
2025-11-22T10:49:22.420Z DEBUG 28503 --- [           main] org.hibernate.SQL                        : 
    select
        distinct u1_0.id,
        u1_0.dtype,
        u1_0.account_locked,
        u1_0.created_by,
        u1_0.created_date,
        u1_0.last_modified_date,
        u1_0.date_naissance,
        u1_0.is_deleted,
        u1_0.deleted_at,
        u1_0.deleted_by,
        u1_0.email,
        u1_0.enabled,
        u1_0.failed_login_attempts,
        u1_0.last_failed_login,
        u1_0.last_modified_by,
        u1_0.lock_time,
        u1_0.must_change_password,
        u1_0.nom,
        u1_0.num_tel,
        u1_0.mot_de_passe,
        u1_0.prenom,
        r1_0.id_user,
        r1_1.id,
        r1_1.created_by,
        r1_1.created_date,
        r1_1.last_modified_date,
        r1_1.is_deleted,
        r1_1.deleted_at,
        r1_1.deleted_by,
        r1_1.last_modified_by,
        r1_1.name,
        p1_0.role_id,
        p1_1.id,
        p1_1.created_by,
        p1_1.created_date,
        p1_1.last_modified_date,
        p1_1.is_deleted,
        p1_1.deleted_at,
        p1_1.deleted_by,
        p1_1.description,
        p1_1.last_modified_by,
        p1_1.nom 
    from
        utilisateurs u1_0 
    left join
        user_roles r1_0 
            on u1_0.id=r1_0.id_user 
    left join
        roles r1_1 
            on r1_1.id=r1_0.id_role 
    left join
        role_permissions p1_0 
            on r1_1.id=p1_0.role_id 
    left join
        permissions p1_1 
            on p1_1.id=p1_0.permission_id 
    where
        (
            u1_0.is_deleted = false
        ) 
        and u1_0.email=?
Hibernate: 
    select
        distinct u1_0.id,
        u1_0.dtype,
        u1_0.account_locked,
        u1_0.created_by,
        u1_0.created_date,
        u1_0.last_modified_date,
        u1_0.date_naissance,
        u1_0.is_deleted,
        u1_0.deleted_at,
        u1_0.deleted_by,
        u1_0.email,
        u1_0.enabled,
        u1_0.failed_login_attempts,
        u1_0.last_failed_login,
        u1_0.last_modified_by,
        u1_0.lock_time,
        u1_0.must_change_password,
        u1_0.nom,
        u1_0.num_tel,
        u1_0.mot_de_passe,
        u1_0.prenom,
        r1_0.id_user,
        r1_1.id,
        r1_1.created_by,
        r1_1.created_date,
        r1_1.last_modified_date,
        r1_1.is_deleted,
        r1_1.deleted_at,
        r1_1.deleted_by,
        r1_1.last_modified_by,
        r1_1.name,
        p1_0.role_id,
        p1_1.id,
        p1_1.created_by,
        p1_1.created_date,
        p1_1.last_modified_date,
        p1_1.is_deleted,
        p1_1.deleted_at,
        p1_1.deleted_by,
        p1_1.description,
        p1_1.last_modified_by,
        p1_1.nom 
    from
        utilisateurs u1_0 
    left join
        user_roles r1_0 
            on u1_0.id=r1_0.id_user 
    left join
        roles r1_1 
            on r1_1.id=r1_0.id_role 
    left join
        role_permissions p1_0 
            on r1_1.id=p1_0.role_id 
    left join
        permissions p1_1 
            on p1_1.id=p1_0.permission_id 
    where
        (
            u1_0.is_deleted = false
        ) 
        and u1_0.email=?
2025-11-22T10:49:22.428Z DEBUG 28503 --- [           main] org.hibernate.SQL                        : 
    select
        r1_0.permission_id,
        r1_1.id,
        r1_1.created_by,
        r1_1.created_date,
        r1_1.last_modified_date,
        r1_1.is_deleted,
        r1_1.deleted_at,
        r1_1.deleted_by,
        r1_1.last_modified_by,
        r1_1.name 
    from
        role_permissions r1_0 
    join
        roles r1_1 
            on r1_1.id=r1_0.role_id 
    where
        r1_0.permission_id=?
Hibernate: 
    select
        r1_0.permission_id,
        r1_1.id,
        r1_1.created_by,
        r1_1.created_date,
        r1_1.last_modified_date,
        r1_1.is_deleted,
        r1_1.deleted_at,
        r1_1.deleted_by,
        r1_1.last_modified_by,
        r1_1.name 
    from
        role_permissions r1_0 
    join
        roles r1_1 
            on r1_1.id=r1_0.role_id 
    where
        r1_0.permission_id=?
2025-11-22T10:49:22.428Z DEBUG 28503 --- [           main] org.hibernate.SQL                        : 
    select
        r1_0.permission_id,
        r1_1.id,
        r1_1.created_by,
        r1_1.created_date,
        r1_1.last_modified_date,
        r1_1.is_deleted,
        r1_1.deleted_at,
        r1_1.deleted_by,
        r1_1.last_modified_by,
        r1_1.name 
    from
        role_permissions r1_0 
    join
        roles r1_1 
            on r1_1.id=r1_0.role_id 
    where
        r1_0.permission_id=?
Hibernate: 
    select
        r1_0.permission_id,
        r1_1.id,
        r1_1.created_by,
        r1_1.created_date,
        r1_1.last_modified_date,
        r1_1.is_deleted,
        r1_1.deleted_at,
        r1_1.deleted_by,
        r1_1.last_modified_by,
        r1_1.name 
    from
        role_permissions r1_0 
    join
        roles r1_1 
            on r1_1.id=r1_0.role_id 
    where
        r1_0.permission_id=?
2025-11-22T10:49:22.429Z DEBUG 28503 --- [           main] org.hibernate.SQL                        : 
    select
        r1_0.permission_id,
        r1_1.id,
        r1_1.created_by,
        r1_1.created_date,
        r1_1.last_modified_date,
        r1_1.is_deleted,
        r1_1.deleted_at,
        r1_1.deleted_by,
        r1_1.last_modified_by,
        r1_1.name 
    from
        role_permissions r1_0 
    join
        roles r1_1 
            on r1_1.id=r1_0.role_id 
    where
        r1_0.permission_id=?
Hibernate: 
    select
        r1_0.permission_id,
        r1_1.id,
        r1_1.created_by,
        r1_1.created_date,
        r1_1.last_modified_date,
        r1_1.is_deleted,
        r1_1.deleted_at,
        r1_1.deleted_by,
        r1_1.last_modified_by,
        r1_1.name 
    from
        role_permissions r1_0 
    join
        roles r1_1 
            on r1_1.id=r1_0.role_id 
    where
        r1_0.permission_id=?
2025-11-22T10:49:22.429Z DEBUG 28503 --- [           main] org.hibernate.SQL                        : 
    select
        r1_0.permission_id,
        r1_1.id,
        r1_1.created_by,
        r1_1.created_date,
        r1_1.last_modified_date,
        r1_1.is_deleted,
        r1_1.deleted_at,
        r1_1.deleted_by,
        r1_1.last_modified_by,
        r1_1.name 
    from
        role_permissions r1_0 
    join
        roles r1_1 
            on r1_1.id=r1_0.role_id 
    where
        r1_0.permission_id=?
Hibernate: 
    select
        r1_0.permission_id,
        r1_1.id,
        r1_1.created_by,
        r1_1.created_date,
        r1_1.last_modified_date,
        r1_1.is_deleted,
        r1_1.deleted_at,
        r1_1.deleted_by,
        r1_1.last_modified_by,
        r1_1.name 
    from
        role_permissions r1_0 
    join
        roles r1_1 
            on r1_1.id=r1_0.role_id 
    where
        r1_0.permission_id=?
2025-11-22T10:49:22.430Z DEBUG 28503 --- [           main] org.hibernate.SQL                        : 
    select
        r1_0.permission_id,
        r1_1.id,
        r1_1.created_by,
        r1_1.created_date,
        r1_1.last_modified_date,
        r1_1.is_deleted,
        r1_1.deleted_at,
        r1_1.deleted_by,
        r1_1.last_modified_by,
        r1_1.name 
    from
        role_permissions r1_0 
    join
        roles r1_1 
            on r1_1.id=r1_0.role_id 
    where
        r1_0.permission_id=?
Hibernate: 
    select
        r1_0.permission_id,
        r1_1.id,
        r1_1.created_by,
        r1_1.created_date,
        r1_1.last_modified_date,
        r1_1.is_deleted,
        r1_1.deleted_at,
        r1_1.deleted_by,
        r1_1.last_modified_by,
        r1_1.name 
    from
        role_permissions r1_0 
    join
        roles r1_1 
            on r1_1.id=r1_0.role_id 
    where
        r1_0.permission_id=?
2025-11-22T10:49:22.430Z DEBUG 28503 --- [           main] org.hibernate.SQL                        : 
    select
        r1_0.permission_id,
        r1_1.id,
        r1_1.created_by,
        r1_1.created_date,
        r1_1.last_modified_date,
        r1_1.is_deleted,
        r1_1.deleted_at,
        r1_1.deleted_by,
        r1_1.last_modified_by,
        r1_1.name 
    from
        role_permissions r1_0 
    join
        roles r1_1 
            on r1_1.id=r1_0.role_id 
    where
        r1_0.permission_id=?
Hibernate: 
    select
        r1_0.permission_id,
        r1_1.id,
        r1_1.created_by,
        r1_1.created_date,
        r1_1.last_modified_date,
        r1_1.is_deleted,
        r1_1.deleted_at,
        r1_1.deleted_by,
        r1_1.last_modified_by,
        r1_1.name 
    from
        role_permissions r1_0 
    join
        roles r1_1 
            on r1_1.id=r1_0.role_id 
    where
        r1_0.permission_id=?
2025-11-22T10:49:22.430Z DEBUG 28503 --- [           main] org.hibernate.SQL                        : 
    select
        r1_0.permission_id,
        r1_1.id,
        r1_1.created_by,
        r1_1.created_date,
        r1_1.last_modified_date,
        r1_1.is_deleted,
        r1_1.deleted_at,
        r1_1.deleted_by,
        r1_1.last_modified_by,
        r1_1.name 
    from
        role_permissions r1_0 
    join
        roles r1_1 
            on r1_1.id=r1_0.role_id 
    where
        r1_0.permission_id=?
Hibernate: 
    select
        r1_0.permission_id,
        r1_1.id,
        r1_1.created_by,
        r1_1.created_date,
        r1_1.last_modified_date,
        r1_1.is_deleted,
        r1_1.deleted_at,
        r1_1.deleted_by,
        r1_1.last_modified_by,
        r1_1.name 
    from
        role_permissions r1_0 
    join
        roles r1_1 
            on r1_1.id=r1_0.role_id 
    where
        r1_0.permission_id=?
2025-11-22T10:49:22.431Z DEBUG 28503 --- [           main] org.hibernate.SQL                        : 
    select
        r1_0.permission_id,
        r1_1.id,
        r1_1.created_by,
        r1_1.created_date,
        r1_1.last_modified_date,
        r1_1.is_deleted,
        r1_1.deleted_at,
        r1_1.deleted_by,
        r1_1.last_modified_by,
        r1_1.name 
    from
        role_permissions r1_0 
    join
        roles r1_1 
            on r1_1.id=r1_0.role_id 
    where
        r1_0.permission_id=?
Hibernate: 
    select
        r1_0.permission_id,
        r1_1.id,
        r1_1.created_by,
        r1_1.created_date,
        r1_1.last_modified_date,
        r1_1.is_deleted,
        r1_1.deleted_at,
        r1_1.deleted_by,
        r1_1.last_modified_by,
        r1_1.name 
    from
        role_permissions r1_0 
    join
        roles r1_1 
            on r1_1.id=r1_0.role_id 
    where
        r1_0.permission_id=?
2025-11-22T10:49:22.431Z DEBUG 28503 --- [           main] org.hibernate.SQL                        : 
    select
        r1_0.permission_id,
        r1_1.id,
        r1_1.created_by,
        r1_1.created_date,
        r1_1.last_modified_date,
        r1_1.is_deleted,
        r1_1.deleted_at,
        r1_1.deleted_by,
        r1_1.last_modified_by,
        r1_1.name 
    from
        role_permissions r1_0 
    join
        roles r1_1 
            on r1_1.id=r1_0.role_id 
    where
        r1_0.permission_id=?
Hibernate: 
    select
        r1_0.permission_id,
        r1_1.id,
        r1_1.created_by,
        r1_1.created_date,
        r1_1.last_modified_date,
        r1_1.is_deleted,
        r1_1.deleted_at,
        r1_1.deleted_by,
        r1_1.last_modified_by,
        r1_1.name 
    from
        role_permissions r1_0 
    join
        roles r1_1 
            on r1_1.id=r1_0.role_id 
    where
        r1_0.permission_id=?
2025-11-22T10:49:22.432Z DEBUG 28503 --- [           main] org.hibernate.SQL                        : 
    select
        p1_0.role_id,
        p1_1.id,
        p1_1.created_by,
        p1_1.created_date,
        p1_1.last_modified_date,
        p1_1.is_deleted,
        p1_1.deleted_at,
        p1_1.deleted_by,
        p1_1.description,
        p1_1.last_modified_by,
        p1_1.nom 
    from
        role_permissions p1_0 
    join
        permissions p1_1 
            on p1_1.id=p1_0.permission_id 
    where
        p1_0.role_id in (select
            r1_1.id 
        from
            role_permissions r1_0 
        join
            roles r1_1 
                on r1_1.id=r1_0.role_id 
        where
            r1_0.permission_id=?)
Hibernate: 
    select
        p1_0.role_id,
        p1_1.id,
        p1_1.created_by,
        p1_1.created_date,
        p1_1.last_modified_date,
        p1_1.is_deleted,
        p1_1.deleted_at,
        p1_1.deleted_by,
        p1_1.description,
        p1_1.last_modified_by,
        p1_1.nom 
    from
        role_permissions p1_0 
    join
        permissions p1_1 
            on p1_1.id=p1_0.permission_id 
    where
        p1_0.role_id in (select
            r1_1.id 
        from
            role_permissions r1_0 
        join
            roles r1_1 
                on r1_1.id=r1_0.role_id 
        where
            r1_0.permission_id=?)
2025-11-22T10:49:22.433Z DEBUG 28503 --- [           main] org.hibernate.SQL                        : 
    select
        r1_0.permission_id,
        r1_1.id,
        r1_1.created_by,
        r1_1.created_date,
        r1_1.last_modified_date,
        r1_1.is_deleted,
        r1_1.deleted_at,
        r1_1.deleted_by,
        r1_1.last_modified_by,
        r1_1.name 
    from
        role_permissions r1_0 
    join
        roles r1_1 
            on r1_1.id=r1_0.role_id 
    where
        r1_0.permission_id=?
Hibernate: 
    select
        r1_0.permission_id,
        r1_1.id,
        r1_1.created_by,
        r1_1.created_date,
        r1_1.last_modified_date,
        r1_1.is_deleted,
        r1_1.deleted_at,
        r1_1.deleted_by,
        r1_1.last_modified_by,
        r1_1.name 
    from
        role_permissions r1_0 
    join
        roles r1_1 
            on r1_1.id=r1_0.role_id 
    where
        r1_0.permission_id=?
2025-11-22T10:49:22.433Z  INFO 28503 --- [           main] c.r.G.GestionDeTriApplication            : Admin user already exists: raoudatebatcha@gmail.com
2025-11-22T10:49:22.434Z DEBUG 28503 --- [           main] org.hibernate.SQL                        : 
    select
        distinct u1_0.id,
        u1_0.dtype,
        u1_0.account_locked,
        u1_0.created_by,
        u1_0.created_date,
        u1_0.last_modified_date,
        u1_0.date_naissance,
        u1_0.is_deleted,
        u1_0.deleted_at,
        u1_0.deleted_by,
        u1_0.email,
        u1_0.enabled,
        u1_0.failed_login_attempts,
        u1_0.last_failed_login,
        u1_0.last_modified_by,
        u1_0.lock_time,
        u1_0.must_change_password,
        u1_0.nom,
        u1_0.num_tel,
        u1_0.mot_de_passe,
        u1_0.prenom,
        r1_0.id_user,
        r1_1.id,
        r1_1.created_by,
        r1_1.created_date,
        r1_1.last_modified_date,
        r1_1.is_deleted,
        r1_1.deleted_at,
        r1_1.deleted_by,
        r1_1.last_modified_by,
        r1_1.name,
        p1_0.role_id,
        p1_1.id,
        p1_1.created_by,
        p1_1.created_date,
        p1_1.last_modified_date,
        p1_1.is_deleted,
        p1_1.deleted_at,
        p1_1.deleted_by,
        p1_1.description,
        p1_1.last_modified_by,
        p1_1.nom 
    from
        utilisateurs u1_0 
    left join
        user_roles r1_0 
            on u1_0.id=r1_0.id_user 
    left join
        roles r1_1 
            on r1_1.id=r1_0.id_role 
    left join
        role_permissions p1_0 
            on r1_1.id=p1_0.role_id 
    left join
        permissions p1_1 
            on p1_1.id=p1_0.permission_id 
    where
        (
            u1_0.is_deleted = false
        ) 
        and u1_0.email=?
Hibernate: 
    select
        distinct u1_0.id,
        u1_0.dtype,
        u1_0.account_locked,
        u1_0.created_by,
        u1_0.created_date,
        u1_0.last_modified_date,
        u1_0.date_naissance,
        u1_0.is_deleted,
        u1_0.deleted_at,
        u1_0.deleted_by,
        u1_0.email,
        u1_0.enabled,
        u1_0.failed_login_attempts,
        u1_0.last_failed_login,
        u1_0.last_modified_by,
        u1_0.lock_time,
        u1_0.must_change_password,
        u1_0.nom,
        u1_0.num_tel,
        u1_0.mot_de_passe,
        u1_0.prenom,
        r1_0.id_user,
        r1_1.id,
        r1_1.created_by,
        r1_1.created_date,
        r1_1.last_modified_date,
        r1_1.is_deleted,
        r1_1.deleted_at,
        r1_1.deleted_by,
        r1_1.last_modified_by,
        r1_1.name,
        p1_0.role_id,
        p1_1.id,
        p1_1.created_by,
        p1_1.created_date,
        p1_1.last_modified_date,
        p1_1.is_deleted,
        p1_1.deleted_at,
        p1_1.deleted_by,
        p1_1.description,
        p1_1.last_modified_by,
        p1_1.nom 
    from
        utilisateurs u1_0 
    left join
        user_roles r1_0 
            on u1_0.id=r1_0.id_user 
    left join
        roles r1_1 
            on r1_1.id=r1_0.id_role 
    left join
        role_permissions p1_0 
            on r1_1.id=p1_0.role_id 
    left join
        permissions p1_1 
            on p1_1.id=p1_0.permission_id 
    where
        (
            u1_0.is_deleted = false
        ) 
        and u1_0.email=?
2025-11-22T10:49:22.438Z DEBUG 28503 --- [           main] org.hibernate.SQL                        : 
    select
        r1_0.permission_id,
        r1_1.id,
        r1_1.created_by,
        r1_1.created_date,
        r1_1.last_modified_date,
        r1_1.is_deleted,
        r1_1.deleted_at,
        r1_1.deleted_by,
        r1_1.last_modified_by,
        r1_1.name 
    from
        role_permissions r1_0 
    join
        roles r1_1 
            on r1_1.id=r1_0.role_id 
    where
        r1_0.permission_id=?
Hibernate: 
    select
        r1_0.permission_id,
        r1_1.id,
        r1_1.created_by,
        r1_1.created_date,
        r1_1.last_modified_date,
        r1_1.is_deleted,
        r1_1.deleted_at,
        r1_1.deleted_by,
        r1_1.last_modified_by,
        r1_1.name 
    from
        role_permissions r1_0 
    join
        roles r1_1 
            on r1_1.id=r1_0.role_id 
    where
        r1_0.permission_id=?
2025-11-22T10:49:22.438Z DEBUG 28503 --- [           main] org.hibernate.SQL                        : 
    select
        r1_0.permission_id,
        r1_1.id,
        r1_1.created_by,
        r1_1.created_date,
        r1_1.last_modified_date,
        r1_1.is_deleted,
        r1_1.deleted_at,
        r1_1.deleted_by,
        r1_1.last_modified_by,
        r1_1.name 
    from
        role_permissions r1_0 
    join
        roles r1_1 
            on r1_1.id=r1_0.role_id 
    where
        r1_0.permission_id=?
Hibernate: 
    select
        r1_0.permission_id,
        r1_1.id,
        r1_1.created_by,
        r1_1.created_date,
        r1_1.last_modified_date,
        r1_1.is_deleted,
        r1_1.deleted_at,
        r1_1.deleted_by,
        r1_1.last_modified_by,
        r1_1.name 
    from
        role_permissions r1_0 
    join
        roles r1_1 
            on r1_1.id=r1_0.role_id 
    where
        r1_0.permission_id=?
2025-11-22T10:49:22.439Z DEBUG 28503 --- [           main] org.hibernate.SQL                        : 
    select
        r1_0.permission_id,
        r1_1.id,
        r1_1.created_by,
        r1_1.created_date,
        r1_1.last_modified_date,
        r1_1.is_deleted,
        r1_1.deleted_at,
        r1_1.deleted_by,
        r1_1.last_modified_by,
        r1_1.name 
    from
        role_permissions r1_0 
    join
        roles r1_1 
            on r1_1.id=r1_0.role_id 
    where
        r1_0.permission_id=?
Hibernate: 
    select
        r1_0.permission_id,
        r1_1.id,
        r1_1.created_by,
        r1_1.created_date,
        r1_1.last_modified_date,
        r1_1.is_deleted,
        r1_1.deleted_at,
        r1_1.deleted_by,
        r1_1.last_modified_by,
        r1_1.name 
    from
        role_permissions r1_0 
    join
        roles r1_1 
            on r1_1.id=r1_0.role_id 
    where
        r1_0.permission_id=?
2025-11-22T10:49:22.439Z DEBUG 28503 --- [           main] org.hibernate.SQL                        : 
    select
        r1_0.permission_id,
        r1_1.id,
        r1_1.created_by,
        r1_1.created_date,
        r1_1.last_modified_date,
        r1_1.is_deleted,
        r1_1.deleted_at,
        r1_1.deleted_by,
        r1_1.last_modified_by,
        r1_1.name 
    from
        role_permissions r1_0 
    join
        roles r1_1 
            on r1_1.id=r1_0.role_id 
    where
        r1_0.permission_id=?
Hibernate: 
    select
        r1_0.permission_id,
        r1_1.id,
        r1_1.created_by,
        r1_1.created_date,
        r1_1.last_modified_date,
        r1_1.is_deleted,
        r1_1.deleted_at,
        r1_1.deleted_by,
        r1_1.last_modified_by,
        r1_1.name 
    from
        role_permissions r1_0 
    join
        roles r1_1 
            on r1_1.id=r1_0.role_id 
    where
        r1_0.permission_id=?
2025-11-22T10:49:22.439Z DEBUG 28503 --- [           main] org.hibernate.SQL                        : 
    select
        r1_0.permission_id,
        r1_1.id,
        r1_1.created_by,
        r1_1.created_date,
        r1_1.last_modified_date,
        r1_1.is_deleted,
        r1_1.deleted_at,
        r1_1.deleted_by,
        r1_1.last_modified_by,
        r1_1.name 
    from
        role_permissions r1_0 
    join
        roles r1_1 
            on r1_1.id=r1_0.role_id 
    where
        r1_0.permission_id=?
Hibernate: 
    select
        r1_0.permission_id,
        r1_1.id,
        r1_1.created_by,
        r1_1.created_date,
        r1_1.last_modified_date,
        r1_1.is_deleted,
        r1_1.deleted_at,
        r1_1.deleted_by,
        r1_1.last_modified_by,
        r1_1.name 
    from
        role_permissions r1_0 
    join
        roles r1_1 
            on r1_1.id=r1_0.role_id 
    where
        r1_0.permission_id=?
2025-11-22T10:49:22.440Z DEBUG 28503 --- [           main] org.hibernate.SQL                        : 
    select
        p1_0.role_id,
        p1_1.id,
        p1_1.created_by,
        p1_1.created_date,
        p1_1.last_modified_date,
        p1_1.is_deleted,
        p1_1.deleted_at,
        p1_1.deleted_by,
        p1_1.description,
        p1_1.last_modified_by,
        p1_1.nom 
    from
        role_permissions p1_0 
    join
        permissions p1_1 
            on p1_1.id=p1_0.permission_id 
    where
        p1_0.role_id in (select
            r1_1.id 
        from
            role_permissions r1_0 
        join
            roles r1_1 
                on r1_1.id=r1_0.role_id 
        where
            r1_0.permission_id=?)
Hibernate: 
    select
        p1_0.role_id,
        p1_1.id,
        p1_1.created_by,
        p1_1.created_date,
        p1_1.last_modified_date,
        p1_1.is_deleted,
        p1_1.deleted_at,
        p1_1.deleted_by,
        p1_1.description,
        p1_1.last_modified_by,
        p1_1.nom 
    from
        role_permissions p1_0 
    join
        permissions p1_1 
            on p1_1.id=p1_0.permission_id 
    where
        p1_0.role_id in (select
            r1_1.id 
        from
            role_permissions r1_0 
        join
            roles r1_1 
                on r1_1.id=r1_0.role_id 
        where
            r1_0.permission_id=?)
2025-11-22T10:49:22.442Z DEBUG 28503 --- [           main] org.hibernate.SQL                        : 
    select
        r1_0.permission_id,
        r1_1.id,
        r1_1.created_by,
        r1_1.created_date,
        r1_1.last_modified_date,
        r1_1.is_deleted,
        r1_1.deleted_at,
        r1_1.deleted_by,
        r1_1.last_modified_by,
        r1_1.name 
    from
        role_permissions r1_0 
    join
        roles r1_1 
            on r1_1.id=r1_0.role_id 
    where
        r1_0.permission_id=?
Hibernate: 
    select
        r1_0.permission_id,
        r1_1.id,
        r1_1.created_by,
        r1_1.created_date,
        r1_1.last_modified_date,
        r1_1.is_deleted,
        r1_1.deleted_at,
        r1_1.deleted_by,
        r1_1.last_modified_by,
        r1_1.name 
    from
        role_permissions r1_0 
    join
        roles r1_1 
            on r1_1.id=r1_0.role_id 
    where
        r1_0.permission_id=?
2025-11-22T10:49:22.442Z DEBUG 28503 --- [           main] org.hibernate.SQL                        : 
    select
        r1_0.permission_id,
        r1_1.id,
        r1_1.created_by,
        r1_1.created_date,
        r1_1.last_modified_date,
        r1_1.is_deleted,
        r1_1.deleted_at,
        r1_1.deleted_by,
        r1_1.last_modified_by,
        r1_1.name 
    from
        role_permissions r1_0 
    join
        roles r1_1 
            on r1_1.id=r1_0.role_id 
    where
        r1_0.permission_id=?
Hibernate: 
    select
        r1_0.permission_id,
        r1_1.id,
        r1_1.created_by,
        r1_1.created_date,
        r1_1.last_modified_date,
        r1_1.is_deleted,
        r1_1.deleted_at,
        r1_1.deleted_by,
        r1_1.last_modified_by,
        r1_1.name 
    from
        role_permissions r1_0 
    join
        roles r1_1 
            on r1_1.id=r1_0.role_id 
    where
        r1_0.permission_id=?
2025-11-22T10:49:22.442Z DEBUG 28503 --- [           main] org.hibernate.SQL                        : 
    select
        r1_0.permission_id,
        r1_1.id,
        r1_1.created_by,
        r1_1.created_date,
        r1_1.last_modified_date,
        r1_1.is_deleted,
        r1_1.deleted_at,
        r1_1.deleted_by,
        r1_1.last_modified_by,
        r1_1.name 
    from
        role_permissions r1_0 
    join
        roles r1_1 
            on r1_1.id=r1_0.role_id 
    where
        r1_0.permission_id=?
Hibernate: 
    select
        r1_0.permission_id,
        r1_1.id,
        r1_1.created_by,
        r1_1.created_date,
        r1_1.last_modified_date,
        r1_1.is_deleted,
        r1_1.deleted_at,
        r1_1.deleted_by,
        r1_1.last_modified_by,
        r1_1.name 
    from
        role_permissions r1_0 
    join
        roles r1_1 
            on r1_1.id=r1_0.role_id 
    where
        r1_0.permission_id=?
2025-11-22T10:49:22.443Z DEBUG 28503 --- [           main] org.hibernate.SQL                        : 
    select
        r1_0.permission_id,
        r1_1.id,
        r1_1.created_by,
        r1_1.created_date,
        r1_1.last_modified_date,
        r1_1.is_deleted,
        r1_1.deleted_at,
        r1_1.deleted_by,
        r1_1.last_modified_by,
        r1_1.name 
    from
        role_permissions r1_0 
    join
        roles r1_1 
            on r1_1.id=r1_0.role_id 
    where
        r1_0.permission_id=?
Hibernate: 
    select
        r1_0.permission_id,
        r1_1.id,
        r1_1.created_by,
        r1_1.created_date,
        r1_1.last_modified_date,
        r1_1.is_deleted,
        r1_1.deleted_at,
        r1_1.deleted_by,
        r1_1.last_modified_by,
        r1_1.name 
    from
        role_permissions r1_0 
    join
        roles r1_1 
            on r1_1.id=r1_0.role_id 
    where
        r1_0.permission_id=?
2025-11-22T10:49:22.443Z DEBUG 28503 --- [           main] org.hibernate.SQL                        : 
    select
        r1_0.permission_id,
        r1_1.id,
        r1_1.created_by,
        r1_1.created_date,
        r1_1.last_modified_date,
        r1_1.is_deleted,
        r1_1.deleted_at,
        r1_1.deleted_by,
        r1_1.last_modified_by,
        r1_1.name 
    from
        role_permissions r1_0 
    join
        roles r1_1 
            on r1_1.id=r1_0.role_id 
    where
        r1_0.permission_id=?
Hibernate: 
    select
        r1_0.permission_id,
        r1_1.id,
        r1_1.created_by,
        r1_1.created_date,
        r1_1.last_modified_date,
        r1_1.is_deleted,
        r1_1.deleted_at,
        r1_1.deleted_by,
        r1_1.last_modified_by,
        r1_1.name 
    from
        role_permissions r1_0 
    join
        roles r1_1 
            on r1_1.id=r1_0.role_id 
    where
        r1_0.permission_id=?
2025-11-22T10:49:22.444Z  INFO 28503 --- [           main] c.r.G.GestionDeTriApplication            : Superviseur user already exists: justraodath@gmail.com
2025-11-22T10:49:22.444Z DEBUG 28503 --- [           main] o.s.b.a.ApplicationAvailabilityBean      : Application availability state ReadinessState changed to ACCEPTING_TRAFFIC
2025-11-22T10:49:41.735Z  INFO 28503 --- [nio-8081-exec-1] o.a.c.c.C.[Tomcat].[localhost].[/]       : Initializing Spring DispatcherServlet 'dispatcherServlet'
2025-11-22T10:49:41.736Z  INFO 28503 --- [nio-8081-exec-1] o.s.web.servlet.DispatcherServlet        : Initializing Servlet 'dispatcherServlet'
2025-11-22T10:49:41.737Z DEBUG 28503 --- [nio-8081-exec-1] o.s.web.servlet.DispatcherServlet        : Detected StandardServletMultipartResolver
2025-11-22T10:49:41.737Z DEBUG 28503 --- [nio-8081-exec-1] o.s.web.servlet.DispatcherServlet        : Detected AcceptHeaderLocaleResolver
2025-11-22T10:49:41.737Z DEBUG 28503 --- [nio-8081-exec-1] o.s.web.servlet.DispatcherServlet        : Detected FixedThemeResolver
2025-11-22T10:49:41.738Z DEBUG 28503 --- [nio-8081-exec-1] o.s.web.servlet.DispatcherServlet        : Detected org.springframework.web.servlet.view.DefaultRequestToViewNameTranslator@57358e33
2025-11-22T10:49:41.738Z DEBUG 28503 --- [nio-8081-exec-1] o.s.web.servlet.DispatcherServlet        : Detected org.springframework.web.servlet.support.SessionFlashMapManager@62fdd4c0
2025-11-22T10:49:41.738Z DEBUG 28503 --- [nio-8081-exec-1] o.s.web.servlet.DispatcherServlet        : enableLoggingRequestDetails='false': request parameters and headers will be masked to prevent unsafe logging of potentially sensitive data
2025-11-22T10:49:41.738Z  INFO 28503 --- [nio-8081-exec-1] o.s.web.servlet.DispatcherServlet        : Completed initialization in 1 ms
🔐 [JwtAuthFilter] Requête: GET /api/v1/audit/logs
🔍 [JwtAuthFilter] Authorization header: null
❌ [JwtAuthFilter] Pas de token Bearer
🔐 [JwtAuthFilter] Requête: POST /api/v1/auth/login
✅ [JwtAuthFilter] Endpoint d'auth, skip filter
2025-11-22T10:49:51.844Z DEBUG 28503 --- [nio-8081-exec-3] o.s.web.servlet.DispatcherServlet        : POST "/api/v1/auth/login", parameters={}
2025-11-22T10:49:51.845Z DEBUG 28503 --- [nio-8081-exec-3] o.s.w.s.handler.SimpleUrlHandlerMapping  : Mapped to ResourceHttpRequestHandler [classpath [META-INF/resources/], classpath [resources/], classpath [static/], classpath [public/], ServletContext [/]]
2025-11-22T10:49:51.848Z DEBUG 28503 --- [nio-8081-exec-3] o.s.w.s.r.ResourceHttpRequestHandler     : Resource not found
2025-11-22T10:49:51.854Z DEBUG 28503 --- [nio-8081-exec-3] .m.m.a.ExceptionHandlerExceptionResolver : Using @ExceptionHandler com.raoudate.GestionDeTri.handler.GlobalExceptionHandler#handleException(Exception)
org.springframework.web.servlet.resource.NoResourceFoundException: No static resource api/v1/auth/login.
	at org.springframework.web.servlet.resource.ResourceHttpRequestHandler.handleRequest(ResourceHttpRequestHandler.java:585)
	at org.springframework.web.servlet.mvc.HttpRequestHandlerAdapter.handle(HttpRequestHandlerAdapter.java:52)
	at org.springframework.web.servlet.DispatcherServlet.doDispatch(DispatcherServlet.java:1089)
	at org.springframework.web.servlet.DispatcherServlet.doService(DispatcherServlet.java:979)
	at org.springframework.web.servlet.FrameworkServlet.processRequest(FrameworkServlet.java:1014)
	at org.springframework.web.servlet.FrameworkServlet.doPost(FrameworkServlet.java:914)
	at jakarta.servlet.http.HttpServlet.service(HttpServlet.java:590)
	at org.springframework.web.servlet.FrameworkServlet.service(FrameworkServlet.java:885)
	at jakarta.servlet.http.HttpServlet.service(HttpServlet.java:658)
	at org.apache.catalina.core.ApplicationFilterChain.internalDoFilter(ApplicationFilterChain.java:195)
	at org.apache.catalina.core.ApplicationFilterChain.doFilter(ApplicationFilterChain.java:140)
	at org.apache.tomcat.websocket.server.WsFilter.doFilter(WsFilter.java:51)
	at org.apache.catalina.core.ApplicationFilterChain.internalDoFilter(ApplicationFilterChain.java:164)
	at org.apache.catalina.core.ApplicationFilterChain.doFilter(ApplicationFilterChain.java:140)
	at org.springframework.web.filter.OncePerRequestFilter.doFilter(OncePerRequestFilter.java:110)
	at org.apache.catalina.core.ApplicationFilterChain.internalDoFilter(ApplicationFilterChain.java:164)
	at org.apache.catalina.core.ApplicationFilterChain.doFilter(ApplicationFilterChain.java:140)
	at org.springframework.web.servlet.resource.ResourceUrlEncodingFilter.doFilter(ResourceUrlEncodingFilter.java:66)
	at org.apache.catalina.core.ApplicationFilterChain.internalDoFilter(ApplicationFilterChain.java:164)
	at org.apache.catalina.core.ApplicationFilterChain.doFilter(ApplicationFilterChain.java:140)
	at org.springframework.web.filter.CompositeFilter$VirtualFilterChain.doFilter(CompositeFilter.java:108)
	at org.springframework.web.filter.CompositeFilter$VirtualFilterChain.doFilter(CompositeFilter.java:108)
	at org.springframework.security.web.FilterChainProxy.lambda$doFilterInternal$3(FilterChainProxy.java:231)
	at org.springframework.security.web.FilterChainProxy$VirtualFilterChain.doFilter(FilterChainProxy.java:365)
	at org.springframework.security.web.access.intercept.AuthorizationFilter.doFilter(AuthorizationFilter.java:101)
	at org.springframework.security.web.FilterChainProxy$VirtualFilterChain.doFilter(FilterChainProxy.java:374)
	at org.springframework.security.web.access.ExceptionTranslationFilter.doFilter(ExceptionTranslationFilter.java:125)
	at org.springframework.security.web.access.ExceptionTranslationFilter.doFilter(ExceptionTranslationFilter.java:119)
	at org.springframework.security.web.FilterChainProxy$VirtualFilterChain.doFilter(FilterChainProxy.java:374)
	at org.springframework.security.web.session.SessionManagementFilter.doFilter(SessionManagementFilter.java:131)
	at org.springframework.security.web.session.SessionManagementFilter.doFilter(SessionManagementFilter.java:85)
	at org.springframework.security.web.FilterChainProxy$VirtualFilterChain.doFilter(FilterChainProxy.java:374)
	at org.springframework.security.web.authentication.AnonymousAuthenticationFilter.doFilter(AnonymousAuthenticationFilter.java:100)
	at org.springframework.security.web.FilterChainProxy$VirtualFilterChain.doFilter(FilterChainProxy.java:374)
	at org.springframework.security.web.servletapi.SecurityContextHolderAwareRequestFilter.doFilter(SecurityContextHolderAwareRequestFilter.java:179)
	at org.springframework.security.web.FilterChainProxy$VirtualFilterChain.doFilter(FilterChainProxy.java:374)
	at org.springframework.security.web.savedrequest.RequestCacheAwareFilter.doFilter(RequestCacheAwareFilter.java:63)
	at org.springframework.security.web.FilterChainProxy$VirtualFilterChain.doFilter(FilterChainProxy.java:374)
	at com.raoudate.GestionDeTri.security.JwtAuthFilter.doFilterInternal(JwtAuthFilter.java:38)
	at org.springframework.web.filter.OncePerRequestFilter.doFilter(OncePerRequestFilter.java:116)
	at org.springframework.security.web.FilterChainProxy$VirtualFilterChain.doFilter(FilterChainProxy.java:374)
	at org.springframework.security.web.authentication.logout.LogoutFilter.doFilter(LogoutFilter.java:107)
	at org.springframework.security.web.authentication.logout.LogoutFilter.doFilter(LogoutFilter.java:93)
	at org.springframework.security.web.FilterChainProxy$VirtualFilterChain.doFilter(FilterChainProxy.java:374)
	at org.springframework.web.filter.CorsFilter.doFilterInternal(CorsFilter.java:91)
	at org.springframework.web.filter.OncePerRequestFilter.doFilter(OncePerRequestFilter.java:116)
	at org.springframework.security.web.FilterChainProxy$VirtualFilterChain.doFilter(FilterChainProxy.java:374)
	at org.springframework.security.web.header.HeaderWriterFilter.doHeadersAfter(HeaderWriterFilter.java:90)
	at org.springframework.security.web.header.HeaderWriterFilter.doFilterInternal(HeaderWriterFilter.java:75)
	at org.springframework.web.filter.OncePerRequestFilter.doFilter(OncePerRequestFilter.java:116)
	at org.springframework.security.web.FilterChainProxy$VirtualFilterChain.doFilter(FilterChainProxy.java:374)
	at org.springframework.security.web.context.SecurityContextHolderFilter.doFilter(SecurityContextHolderFilter.java:82)
	at org.springframework.security.web.context.SecurityContextHolderFilter.doFilter(SecurityContextHolderFilter.java:69)
	at org.springframework.security.web.FilterChainProxy$VirtualFilterChain.doFilter(FilterChainProxy.java:374)
	at org.springframework.security.web.context.request.async.WebAsyncManagerIntegrationFilter.doFilterInternal(WebAsyncManagerIntegrationFilter.java:62)
	at org.springframework.web.filter.OncePerRequestFilter.doFilter(OncePerRequestFilter.java:116)
	at org.springframework.security.web.FilterChainProxy$VirtualFilterChain.doFilter(FilterChainProxy.java:374)
	at org.springframework.security.web.session.DisableEncodeUrlFilter.doFilterInternal(DisableEncodeUrlFilter.java:42)
	at org.springframework.web.filter.OncePerRequestFilter.doFilter(OncePerRequestFilter.java:116)
	at org.springframework.security.web.FilterChainProxy$VirtualFilterChain.doFilter(FilterChainProxy.java:374)
	at org.springframework.security.web.FilterChainProxy.doFilterInternal(FilterChainProxy.java:233)
	at org.springframework.security.web.FilterChainProxy.doFilter(FilterChainProxy.java:191)
	at org.springframework.web.filter.CompositeFilter$VirtualFilterChain.doFilter(CompositeFilter.java:113)
	at org.springframework.web.filter.ServletRequestPathFilter.doFilter(ServletRequestPathFilter.java:52)
	at org.springframework.web.filter.CompositeFilter$VirtualFilterChain.doFilter(CompositeFilter.java:113)
	at org.springframework.web.filter.CompositeFilter.doFilter(CompositeFilter.java:74)
	at org.springframework.security.config.annotation.web.configuration.WebSecurityConfiguration$CompositeFilterChainProxy.doFilter(WebSecurityConfiguration.java:319)
	at org.springframework.web.filter.CompositeFilter$VirtualFilterChain.doFilter(CompositeFilter.java:113)
	at org.springframework.web.servlet.handler.HandlerMappingIntrospector.lambda$createCacheFilter$4(HandlerMappingIntrospector.java:267)
	at org.springframework.web.filter.CompositeFilter$VirtualFilterChain.doFilter(CompositeFilter.java:113)
	at org.springframework.web.filter.CompositeFilter.doFilter(CompositeFilter.java:74)
	at org.springframework.security.config.annotation.web.configuration.WebMvcSecurityConfiguration$CompositeFilterChainProxy.doFilter(WebMvcSecurityConfiguration.java:240)
	at org.springframework.web.filter.DelegatingFilterProxy.invokeDelegate(DelegatingFilterProxy.java:362)
	at org.springframework.web.filter.DelegatingFilterProxy.doFilter(DelegatingFilterProxy.java:278)
	at org.apache.catalina.core.ApplicationFilterChain.internalDoFilter(ApplicationFilterChain.java:164)
	at org.apache.catalina.core.ApplicationFilterChain.doFilter(ApplicationFilterChain.java:140)
	at org.springframework.web.filter.RequestContextFilter.doFilterInternal(RequestContextFilter.java:100)
	at org.springframework.web.filter.OncePerRequestFilter.doFilter(OncePerRequestFilter.java:116)
	at org.apache.catalina.core.ApplicationFilterChain.internalDoFilter(ApplicationFilterChain.java:164)
	at org.apache.catalina.core.ApplicationFilterChain.doFilter(ApplicationFilterChain.java:140)
	at org.springframework.web.filter.FormContentFilter.doFilterInternal(FormContentFilter.java:93)
	at org.springframework.web.filter.OncePerRequestFilter.doFilter(OncePerRequestFilter.java:116)
	at org.apache.catalina.core.ApplicationFilterChain.internalDoFilter(ApplicationFilterChain.java:164)
	at org.apache.catalina.core.ApplicationFilterChain.doFilter(ApplicationFilterChain.java:140)
	at org.springframework.web.filter.CharacterEncodingFilter.doFilterInternal(CharacterEncodingFilter.java:201)
	at org.springframework.web.filter.OncePerRequestFilter.doFilter(OncePerRequestFilter.java:116)
	at org.apache.catalina.core.ApplicationFilterChain.internalDoFilter(ApplicationFilterChain.java:164)
	at org.apache.catalina.core.ApplicationFilterChain.doFilter(ApplicationFilterChain.java:140)
	at org.apache.catalina.core.StandardWrapperValve.invoke(StandardWrapperValve.java:167)
	at org.apache.catalina.core.StandardContextValve.invoke(StandardContextValve.java:90)
	at org.apache.catalina.authenticator.AuthenticatorBase.invoke(AuthenticatorBase.java:483)
	at org.apache.catalina.core.StandardHostValve.invoke(StandardHostValve.java:116)
	at org.apache.catalina.valves.ErrorReportValve.invoke(ErrorReportValve.java:93)
	at org.apache.catalina.core.StandardEngineValve.invoke(StandardEngineValve.java:74)
	at org.apache.catalina.connector.CoyoteAdapter.service(CoyoteAdapter.java:344)
	at org.apache.coyote.http11.Http11Processor.service(Http11Processor.java:398)
	at org.apache.coyote.AbstractProcessorLight.process(AbstractProcessorLight.java:63)
	at org.apache.coyote.AbstractProtocol$ConnectionHandler.process(AbstractProtocol.java:903)
	at org.apache.tomcat.util.net.NioEndpoint$SocketProcessor.doRun(NioEndpoint.java:1776)
	at org.apache.tomcat.util.net.SocketProcessorBase.run(SocketProcessorBase.java:52)
	at org.apache.tomcat.util.threads.ThreadPoolExecutor.runWorker(ThreadPoolExecutor.java:975)
	at org.apache.tomcat.util.threads.ThreadPoolExecutor$Worker.run(ThreadPoolExecutor.java:493)
	at org.apache.tomcat.util.threads.TaskThread$WrappingRunnable.run(TaskThread.java:63)
	at java.base/java.lang.Thread.run(Thread.java:840)
2025-11-22T10:49:51.886Z DEBUG 28503 --- [nio-8081-exec-3] o.s.w.s.m.m.a.HttpEntityMethodProcessor  : Using 'application/json', given [*/*] and supported [application/json, application/*+json, application/yaml]
2025-11-22T10:49:51.886Z DEBUG 28503 --- [nio-8081-exec-3] o.s.w.s.m.m.a.HttpEntityMethodProcessor  : Writing [com.raoudate.GestionDeTri.handler.ExceptionResponse@4fe8da09]
2025-11-22T10:49:51.894Z DEBUG 28503 --- [nio-8081-exec-3] .m.m.a.ExceptionHandlerExceptionResolver : Resolved [org.springframework.web.servlet.resource.NoResourceFoundException: No static resource api/v1/auth/login.]
2025-11-22T10:49:51.894Z DEBUG 28503 --- [nio-8081-exec-3] o.s.web.servlet.DispatcherServlet        : Completed 500 INTERNAL_SERVER_ERROR
🔐 [JwtAuthFilter] Requête: POST /api/v1/auth/login
✅ [JwtAuthFilter] Endpoint d'auth, skip filter
2025-11-22T10:50:18.778Z DEBUG 28503 --- [nio-8081-exec-4] o.s.web.servlet.DispatcherServlet        : POST "/api/v1/auth/login", parameters={}
2025-11-22T10:50:18.778Z DEBUG 28503 --- [nio-8081-exec-4] o.s.w.s.handler.SimpleUrlHandlerMapping  : Mapped to ResourceHttpRequestHandler [classpath [META-INF/resources/], classpath [resources/], classpath [static/], classpath [public/], ServletContext [/]]
2025-11-22T10:50:18.779Z DEBUG 28503 --- [nio-8081-exec-4] o.s.w.s.r.ResourceHttpRequestHandler     : Resource not found
2025-11-22T10:50:18.779Z DEBUG 28503 --- [nio-8081-exec-4] .m.m.a.ExceptionHandlerExceptionResolver : Using @ExceptionHandler com.raoudate.GestionDeTri.handler.GlobalExceptionHandler#handleException(Exception)
org.springframework.web.servlet.resource.NoResourceFoundException: No static resource api/v1/auth/login.
	at org.springframework.web.servlet.resource.ResourceHttpRequestHandler.handleRequest(ResourceHttpRequestHandler.java:585)
	at org.springframework.web.servlet.mvc.HttpRequestHandlerAdapter.handle(HttpRequestHandlerAdapter.java:52)
	at org.springframework.web.servlet.DispatcherServlet.doDispatch(DispatcherServlet.java:1089)
	at org.springframework.web.servlet.DispatcherServlet.doService(DispatcherServlet.java:979)
	at org.springframework.web.servlet.FrameworkServlet.processRequest(FrameworkServlet.java:1014)
	at org.springframework.web.servlet.FrameworkServlet.doPost(FrameworkServlet.java:914)
	at jakarta.servlet.http.HttpServlet.service(HttpServlet.java:590)
	at org.springframework.web.servlet.FrameworkServlet.service(FrameworkServlet.java:885)
	at jakarta.servlet.http.HttpServlet.service(HttpServlet.java:658)
	at org.apache.catalina.core.ApplicationFilterChain.internalDoFilter(ApplicationFilterChain.java:195)
	at org.apache.catalina.core.ApplicationFilterChain.doFilter(ApplicationFilterChain.java:140)
	at org.apache.tomcat.websocket.server.WsFilter.doFilter(WsFilter.java:51)
	at org.apache.catalina.core.ApplicationFilterChain.internalDoFilter(ApplicationFilterChain.java:164)
	at org.apache.catalina.core.ApplicationFilterChain.doFilter(ApplicationFilterChain.java:140)
	at org.springframework.web.filter.OncePerRequestFilter.doFilter(OncePerRequestFilter.java:110)
	at org.apache.catalina.core.ApplicationFilterChain.internalDoFilter(ApplicationFilterChain.java:164)
	at org.apache.catalina.core.ApplicationFilterChain.doFilter(ApplicationFilterChain.java:140)
	at org.springframework.web.servlet.resource.ResourceUrlEncodingFilter.doFilter(ResourceUrlEncodingFilter.java:66)
	at org.apache.catalina.core.ApplicationFilterChain.internalDoFilter(ApplicationFilterChain.java:164)
	at org.apache.catalina.core.ApplicationFilterChain.doFilter(ApplicationFilterChain.java:140)
	at org.springframework.web.filter.CompositeFilter$VirtualFilterChain.doFilter(CompositeFilter.java:108)
	at org.springframework.web.filter.CompositeFilter$VirtualFilterChain.doFilter(CompositeFilter.java:108)
	at org.springframework.security.web.FilterChainProxy.lambda$doFilterInternal$3(FilterChainProxy.java:231)
	at org.springframework.security.web.FilterChainProxy$VirtualFilterChain.doFilter(FilterChainProxy.java:365)
	at org.springframework.security.web.access.intercept.AuthorizationFilter.doFilter(AuthorizationFilter.java:101)
	at org.springframework.security.web.FilterChainProxy$VirtualFilterChain.doFilter(FilterChainProxy.java:374)
	at org.springframework.security.web.access.ExceptionTranslationFilter.doFilter(ExceptionTranslationFilter.java:125)
	at org.springframework.security.web.access.ExceptionTranslationFilter.doFilter(ExceptionTranslationFilter.java:119)
	at org.springframework.security.web.FilterChainProxy$VirtualFilterChain.doFilter(FilterChainProxy.java:374)
	at org.springframework.security.web.session.SessionManagementFilter.doFilter(SessionManagementFilter.java:131)
	at org.springframework.security.web.session.SessionManagementFilter.doFilter(SessionManagementFilter.java:85)
	at org.springframework.security.web.FilterChainProxy$VirtualFilterChain.doFilter(FilterChainProxy.java:374)
	at org.springframework.security.web.authentication.AnonymousAuthenticationFilter.doFilter(AnonymousAuthenticationFilter.java:100)
	at org.springframework.security.web.FilterChainProxy$VirtualFilterChain.doFilter(FilterChainProxy.java:374)
	at org.springframework.security.web.servletapi.SecurityContextHolderAwareRequestFilter.doFilter(SecurityContextHolderAwareRequestFilter.java:179)
	at org.springframework.security.web.FilterChainProxy$VirtualFilterChain.doFilter(FilterChainProxy.java:374)
	at org.springframework.security.web.savedrequest.RequestCacheAwareFilter.doFilter(RequestCacheAwareFilter.java:63)
	at org.springframework.security.web.FilterChainProxy$VirtualFilterChain.doFilter(FilterChainProxy.java:374)
	at com.raoudate.GestionDeTri.security.JwtAuthFilter.doFilterInternal(JwtAuthFilter.java:38)
	at org.springframework.web.filter.OncePerRequestFilter.doFilter(OncePerRequestFilter.java:116)
	at org.springframework.security.web.FilterChainProxy$VirtualFilterChain.doFilter(FilterChainProxy.java:374)
	at org.springframework.security.web.authentication.logout.LogoutFilter.doFilter(LogoutFilter.java:107)
	at org.springframework.security.web.authentication.logout.LogoutFilter.doFilter(LogoutFilter.java:93)
	at org.springframework.security.web.FilterChainProxy$VirtualFilterChain.doFilter(FilterChainProxy.java:374)
	at org.springframework.web.filter.CorsFilter.doFilterInternal(CorsFilter.java:91)
	at org.springframework.web.filter.OncePerRequestFilter.doFilter(OncePerRequestFilter.java:116)
	at org.springframework.security.web.FilterChainProxy$VirtualFilterChain.doFilter(FilterChainProxy.java:374)
	at org.springframework.security.web.header.HeaderWriterFilter.doHeadersAfter(HeaderWriterFilter.java:90)
	at org.springframework.security.web.header.HeaderWriterFilter.doFilterInternal(HeaderWriterFilter.java:75)
	at org.springframework.web.filter.OncePerRequestFilter.doFilter(OncePerRequestFilter.java:116)
	at org.springframework.security.web.FilterChainProxy$VirtualFilterChain.doFilter(FilterChainProxy.java:374)
	at org.springframework.security.web.context.SecurityContextHolderFilter.doFilter(SecurityContextHolderFilter.java:82)
	at org.springframework.security.web.context.SecurityContextHolderFilter.doFilter(SecurityContextHolderFilter.java:69)
	at org.springframework.security.web.FilterChainProxy$VirtualFilterChain.doFilter(FilterChainProxy.java:374)
	at org.springframework.security.web.context.request.async.WebAsyncManagerIntegrationFilter.doFilterInternal(WebAsyncManagerIntegrationFilter.java:62)
	at org.springframework.web.filter.OncePerRequestFilter.doFilter(OncePerRequestFilter.java:116)
	at org.springframework.security.web.FilterChainProxy$VirtualFilterChain.doFilter(FilterChainProxy.java:374)
	at org.springframework.security.web.session.DisableEncodeUrlFilter.doFilterInternal(DisableEncodeUrlFilter.java:42)
	at org.springframework.web.filter.OncePerRequestFilter.doFilter(OncePerRequestFilter.java:116)
	at org.springframework.security.web.FilterChainProxy$VirtualFilterChain.doFilter(FilterChainProxy.java:374)
	at org.springframework.security.web.FilterChainProxy.doFilterInternal(FilterChainProxy.java:233)
	at org.springframework.security.web.FilterChainProxy.doFilter(FilterChainProxy.java:191)
	at org.springframework.web.filter.CompositeFilter$VirtualFilterChain.doFilter(CompositeFilter.java:113)
	at org.springframework.web.filter.ServletRequestPathFilter.doFilter(ServletRequestPathFilter.java:52)
	at org.springframework.web.filter.CompositeFilter$VirtualFilterChain.doFilter(CompositeFilter.java:113)
	at org.springframework.web.filter.CompositeFilter.doFilter(CompositeFilter.java:74)
	at org.springframework.security.config.annotation.web.configuration.WebSecurityConfiguration$CompositeFilterChainProxy.doFilter(WebSecurityConfiguration.java:319)
	at org.springframework.web.filter.CompositeFilter$VirtualFilterChain.doFilter(CompositeFilter.java:113)
	at org.springframework.web.servlet.handler.HandlerMappingIntrospector.lambda$createCacheFilter$4(HandlerMappingIntrospector.java:267)
	at org.springframework.web.filter.CompositeFilter$VirtualFilterChain.doFilter(CompositeFilter.java:113)
	at org.springframework.web.filter.CompositeFilter.doFilter(CompositeFilter.java:74)
	at org.springframework.security.config.annotation.web.configuration.WebMvcSecurityConfiguration$CompositeFilterChainProxy.doFilter(WebMvcSecurityConfiguration.java:240)
	at org.springframework.web.filter.DelegatingFilterProxy.invokeDelegate(DelegatingFilterProxy.java:362)
	at org.springframework.web.filter.DelegatingFilterProxy.doFilter(DelegatingFilterProxy.java:278)
	at org.apache.catalina.core.ApplicationFilterChain.internalDoFilter(ApplicationFilterChain.java:164)
	at org.apache.catalina.core.ApplicationFilterChain.doFilter(ApplicationFilterChain.java:140)
	at org.springframework.web.filter.RequestContextFilter.doFilterInternal(RequestContextFilter.java:100)
	at org.springframework.web.filter.OncePerRequestFilter.doFilter(OncePerRequestFilter.java:116)
	at org.apache.catalina.core.ApplicationFilterChain.internalDoFilter(ApplicationFilterChain.java:164)
	at org.apache.catalina.core.ApplicationFilterChain.doFilter(ApplicationFilterChain.java:140)
	at org.springframework.web.filter.FormContentFilter.doFilterInternal(FormContentFilter.java:93)
	at org.springframework.web.filter.OncePerRequestFilter.doFilter(OncePerRequestFilter.java:116)
	at org.apache.catalina.core.ApplicationFilterChain.internalDoFilter(ApplicationFilterChain.java:164)
	at org.apache.catalina.core.ApplicationFilterChain.doFilter(ApplicationFilterChain.java:140)
	at org.springframework.web.filter.CharacterEncodingFilter.doFilterInternal(CharacterEncodingFilter.java:201)
	at org.springframework.web.filter.OncePerRequestFilter.doFilter(OncePerRequestFilter.java:116)
	at org.apache.catalina.core.ApplicationFilterChain.internalDoFilter(ApplicationFilterChain.java:164)
	at org.apache.catalina.core.ApplicationFilterChain.doFilter(ApplicationFilterChain.java:140)
	at org.apache.catalina.core.StandardWrapperValve.invoke(StandardWrapperValve.java:167)
	at org.apache.catalina.core.StandardContextValve.invoke(StandardContextValve.java:90)
	at org.apache.catalina.authenticator.AuthenticatorBase.invoke(AuthenticatorBase.java:483)
	at org.apache.catalina.core.StandardHostValve.invoke(StandardHostValve.java:116)
	at org.apache.catalina.valves.ErrorReportValve.invoke(ErrorReportValve.java:93)
	at org.apache.catalina.core.StandardEngineValve.invoke(StandardEngineValve.java:74)
	at org.apache.catalina.connector.CoyoteAdapter.service(CoyoteAdapter.java:344)
	at org.apache.coyote.http11.Http11Processor.service(Http11Processor.java:398)
	at org.apache.coyote.AbstractProcessorLight.process(AbstractProcessorLight.java:63)
	at org.apache.coyote.AbstractProtocol$ConnectionHandler.process(AbstractProtocol.java:903)
	at org.apache.tomcat.util.net.NioEndpoint$SocketProcessor.doRun(NioEndpoint.java:1776)
	at org.apache.tomcat.util.net.SocketProcessorBase.run(SocketProcessorBase.java:52)
	at org.apache.tomcat.util.threads.ThreadPoolExecutor.runWorker(ThreadPoolExecutor.java:975)
	at org.apache.tomcat.util.threads.ThreadPoolExecutor$Worker.run(ThreadPoolExecutor.java:493)
	at org.apache.tomcat.util.threads.TaskThread$WrappingRunnable.run(TaskThread.java:63)
	at java.base/java.lang.Thread.run(Thread.java:840)
2025-11-22T10:50:18.780Z DEBUG 28503 --- [nio-8081-exec-4] o.s.w.s.m.m.a.HttpEntityMethodProcessor  : Using 'application/json', given [*/*] and supported [application/json, application/*+json, application/yaml]
2025-11-22T10:50:18.780Z DEBUG 28503 --- [nio-8081-exec-4] o.s.w.s.m.m.a.HttpEntityMethodProcessor  : Writing [com.raoudate.GestionDeTri.handler.ExceptionResponse@5f653dc6]
2025-11-22T10:50:18.781Z DEBUG 28503 --- [nio-8081-exec-4] .m.m.a.ExceptionHandlerExceptionResolver : Resolved [org.springframework.web.servlet.resource.NoResourceFoundException: No static resource api/v1/auth/login.]
2025-11-22T10:50:18.781Z DEBUG 28503 --- [nio-8081-exec-4] o.s.web.servlet.DispatcherServlet        : Completed 500 INTERNAL_SERVER_ERROR
🔐 [JwtAuthFilter] Requête: POST /api/v1/auth/login
✅ [JwtAuthFilter] Endpoint d'auth, skip filter
2025-11-22T10:51:21.140Z DEBUG 28503 --- [nio-8081-exec-5] o.s.web.servlet.DispatcherServlet        : POST "/api/v1/auth/login", parameters={}
2025-11-22T10:51:21.141Z DEBUG 28503 --- [nio-8081-exec-5] o.s.w.s.handler.SimpleUrlHandlerMapping  : Mapped to ResourceHttpRequestHandler [classpath [META-INF/resources/], classpath [resources/], classpath [static/], classpath [public/], ServletContext [/]]
2025-11-22T10:51:21.144Z DEBUG 28503 --- [nio-8081-exec-5] o.s.w.s.r.ResourceHttpRequestHandler     : Resource not found
2025-11-22T10:51:21.146Z DEBUG 28503 --- [nio-8081-exec-5] .m.m.a.ExceptionHandlerExceptionResolver : Using @ExceptionHandler com.raoudate.GestionDeTri.handler.GlobalExceptionHandler#handleException(Exception)
org.springframework.web.servlet.resource.NoResourceFoundException: No static resource api/v1/auth/login.
	at org.springframework.web.servlet.resource.ResourceHttpRequestHandler.handleRequest(ResourceHttpRequestHandler.java:585)
	at org.springframework.web.servlet.mvc.HttpRequestHandlerAdapter.handle(HttpRequestHandlerAdapter.java:52)
	at org.springframework.web.servlet.DispatcherServlet.doDispatch(DispatcherServlet.java:1089)
	at org.springframework.web.servlet.DispatcherServlet.doService(DispatcherServlet.java:979)
	at org.springframework.web.servlet.FrameworkServlet.processRequest(FrameworkServlet.java:1014)
	at org.springframework.web.servlet.FrameworkServlet.doPost(FrameworkServlet.java:914)
	at jakarta.servlet.http.HttpServlet.service(HttpServlet.java:590)
	at org.springframework.web.servlet.FrameworkServlet.service(FrameworkServlet.java:885)
	at jakarta.servlet.http.HttpServlet.service(HttpServlet.java:658)
	at org.apache.catalina.core.ApplicationFilterChain.internalDoFilter(ApplicationFilterChain.java:195)
	at org.apache.catalina.core.ApplicationFilterChain.doFilter(ApplicationFilterChain.java:140)
	at org.apache.tomcat.websocket.server.WsFilter.doFilter(WsFilter.java:51)
	at org.apache.catalina.core.ApplicationFilterChain.internalDoFilter(ApplicationFilterChain.java:164)
	at org.apache.catalina.core.ApplicationFilterChain.doFilter(ApplicationFilterChain.java:140)
	at org.springframework.web.filter.OncePerRequestFilter.doFilter(OncePerRequestFilter.java:110)
	at org.apache.catalina.core.ApplicationFilterChain.internalDoFilter(ApplicationFilterChain.java:164)
	at org.apache.catalina.core.ApplicationFilterChain.doFilter(ApplicationFilterChain.java:140)
	at org.springframework.web.servlet.resource.ResourceUrlEncodingFilter.doFilter(ResourceUrlEncodingFilter.java:66)
	at org.apache.catalina.core.ApplicationFilterChain.internalDoFilter(ApplicationFilterChain.java:164)
	at org.apache.catalina.core.ApplicationFilterChain.doFilter(ApplicationFilterChain.java:140)
	at org.springframework.web.filter.CompositeFilter$VirtualFilterChain.doFilter(CompositeFilter.java:108)
	at org.springframework.web.filter.CompositeFilter$VirtualFilterChain.doFilter(CompositeFilter.java:108)
	at org.springframework.security.web.FilterChainProxy.lambda$doFilterInternal$3(FilterChainProxy.java:231)
	at org.springframework.security.web.FilterChainProxy$VirtualFilterChain.doFilter(FilterChainProxy.java:365)
	at org.springframework.security.web.access.intercept.AuthorizationFilter.doFilter(AuthorizationFilter.java:101)
	at org.springframework.security.web.FilterChainProxy$VirtualFilterChain.doFilter(FilterChainProxy.java:374)
	at org.springframework.security.web.access.ExceptionTranslationFilter.doFilter(ExceptionTranslationFilter.java:125)
	at org.springframework.security.web.access.ExceptionTranslationFilter.doFilter(ExceptionTranslationFilter.java:119)
	at org.springframework.security.web.FilterChainProxy$VirtualFilterChain.doFilter(FilterChainProxy.java:374)
	at org.springframework.security.web.session.SessionManagementFilter.doFilter(SessionManagementFilter.java:131)
	at org.springframework.security.web.session.SessionManagementFilter.doFilter(SessionManagementFilter.java:85)
	at org.springframework.security.web.FilterChainProxy$VirtualFilterChain.doFilter(FilterChainProxy.java:374)
	at org.springframework.security.web.authentication.AnonymousAuthenticationFilter.doFilter(AnonymousAuthenticationFilter.java:100)
	at org.springframework.security.web.FilterChainProxy$VirtualFilterChain.doFilter(FilterChainProxy.java:374)
	at org.springframework.security.web.servletapi.SecurityContextHolderAwareRequestFilter.doFilter(SecurityContextHolderAwareRequestFilter.java:179)
	at org.springframework.security.web.FilterChainProxy$VirtualFilterChain.doFilter(FilterChainProxy.java:374)
	at org.springframework.security.web.savedrequest.RequestCacheAwareFilter.doFilter(RequestCacheAwareFilter.java:63)
	at org.springframework.security.web.FilterChainProxy$VirtualFilterChain.doFilter(FilterChainProxy.java:374)
	at com.raoudate.GestionDeTri.security.JwtAuthFilter.doFilterInternal(JwtAuthFilter.java:38)
	at org.springframework.web.filter.OncePerRequestFilter.doFilter(OncePerRequestFilter.java:116)
	at org.springframework.security.web.FilterChainProxy$VirtualFilterChain.doFilter(FilterChainProxy.java:374)
	at org.springframework.security.web.authentication.logout.LogoutFilter.doFilter(LogoutFilter.java:107)
	at org.springframework.security.web.authentication.logout.LogoutFilter.doFilter(LogoutFilter.java:93)
	at org.springframework.security.web.FilterChainProxy$VirtualFilterChain.doFilter(FilterChainProxy.java:374)
	at org.springframework.web.filter.CorsFilter.doFilterInternal(CorsFilter.java:91)
	at org.springframework.web.filter.OncePerRequestFilter.doFilter(OncePerRequestFilter.java:116)
	at org.springframework.security.web.FilterChainProxy$VirtualFilterChain.doFilter(FilterChainProxy.java:374)
	at org.springframework.security.web.header.HeaderWriterFilter.doHeadersAfter(HeaderWriterFilter.java:90)
	at org.springframework.security.web.header.HeaderWriterFilter.doFilterInternal(HeaderWriterFilter.java:75)
	at org.springframework.web.filter.OncePerRequestFilter.doFilter(OncePerRequestFilter.java:116)
	at org.springframework.security.web.FilterChainProxy$VirtualFilterChain.doFilter(FilterChainProxy.java:374)
	at org.springframework.security.web.context.SecurityContextHolderFilter.doFilter(SecurityContextHolderFilter.java:82)
	at org.springframework.security.web.context.SecurityContextHolderFilter.doFilter(SecurityContextHolderFilter.java:69)
	at org.springframework.security.web.FilterChainProxy$VirtualFilterChain.doFilter(FilterChainProxy.java:374)
	at org.springframework.security.web.context.request.async.WebAsyncManagerIntegrationFilter.doFilterInternal(WebAsyncManagerIntegrationFilter.java:62)
	at org.springframework.web.filter.OncePerRequestFilter.doFilter(OncePerRequestFilter.java:116)
	at org.springframework.security.web.FilterChainProxy$VirtualFilterChain.doFilter(FilterChainProxy.java:374)
	at org.springframework.security.web.session.DisableEncodeUrlFilter.doFilterInternal(DisableEncodeUrlFilter.java:42)
	at org.springframework.web.filter.OncePerRequestFilter.doFilter(OncePerRequestFilter.java:116)
	at org.springframework.security.web.FilterChainProxy$VirtualFilterChain.doFilter(FilterChainProxy.java:374)
	at org.springframework.security.web.FilterChainProxy.doFilterInternal(FilterChainProxy.java:233)
	at org.springframework.security.web.FilterChainProxy.doFilter(FilterChainProxy.java:191)
	at org.springframework.web.filter.CompositeFilter$VirtualFilterChain.doFilter(CompositeFilter.java:113)
	at org.springframework.web.filter.ServletRequestPathFilter.doFilter(ServletRequestPathFilter.java:52)
	at org.springframework.web.filter.CompositeFilter$VirtualFilterChain.doFilter(CompositeFilter.java:113)
	at org.springframework.web.filter.CompositeFilter.doFilter(CompositeFilter.java:74)
	at org.springframework.security.config.annotation.web.configuration.WebSecurityConfiguration$CompositeFilterChainProxy.doFilter(WebSecurityConfiguration.java:319)
	at org.springframework.web.filter.CompositeFilter$VirtualFilterChain.doFilter(CompositeFilter.java:113)
	at org.springframework.web.servlet.handler.HandlerMappingIntrospector.lambda$createCacheFilter$4(HandlerMappingIntrospector.java:267)
	at org.springframework.web.filter.CompositeFilter$VirtualFilterChain.doFilter(CompositeFilter.java:113)
	at org.springframework.web.filter.CompositeFilter.doFilter(CompositeFilter.java:74)
	at org.springframework.security.config.annotation.web.configuration.WebMvcSecurityConfiguration$CompositeFilterChainProxy.doFilter(WebMvcSecurityConfiguration.java:240)
	at org.springframework.web.filter.DelegatingFilterProxy.invokeDelegate(DelegatingFilterProxy.java:362)
	at org.springframework.web.filter.DelegatingFilterProxy.doFilter(DelegatingFilterProxy.java:278)
	at org.apache.catalina.core.ApplicationFilterChain.internalDoFilter(ApplicationFilterChain.java:164)
	at org.apache.catalina.core.ApplicationFilterChain.doFilter(ApplicationFilterChain.java:140)
	at org.springframework.web.filter.RequestContextFilter.doFilterInternal(RequestContextFilter.java:100)
	at org.springframework.web.filter.OncePerRequestFilter.doFilter(OncePerRequestFilter.java:116)
	at org.apache.catalina.core.ApplicationFilterChain.internalDoFilter(ApplicationFilterChain.java:164)
	at org.apache.catalina.core.ApplicationFilterChain.doFilter(ApplicationFilterChain.java:140)
	at org.springframework.web.filter.FormContentFilter.doFilterInternal(FormContentFilter.java:93)
	at org.springframework.web.filter.OncePerRequestFilter.doFilter(OncePerRequestFilter.java:116)
	at org.apache.catalina.core.ApplicationFilterChain.internalDoFilter(ApplicationFilterChain.java:164)
	at org.apache.catalina.core.ApplicationFilterChain.doFilter(ApplicationFilterChain.java:140)
	at org.springframework.web.filter.CharacterEncodingFilter.doFilterInternal(CharacterEncodingFilter.java:201)
	at org.springframework.web.filter.OncePerRequestFilter.doFilter(OncePerRequestFilter.java:116)
	at org.apache.catalina.core.ApplicationFilterChain.internalDoFilter(ApplicationFilterChain.java:164)
	at org.apache.catalina.core.ApplicationFilterChain.doFilter(ApplicationFilterChain.java:140)
	at org.apache.catalina.core.StandardWrapperValve.invoke(StandardWrapperValve.java:167)
	at org.apache.catalina.core.StandardContextValve.invoke(StandardContextValve.java:90)
	at org.apache.catalina.authenticator.AuthenticatorBase.invoke(AuthenticatorBase.java:483)
	at org.apache.catalina.core.StandardHostValve.invoke(StandardHostValve.java:116)
	at org.apache.catalina.valves.ErrorReportValve.invoke(ErrorReportValve.java:93)
	at org.apache.catalina.core.StandardEngineValve.invoke(StandardEngineValve.java:74)
	at org.apache.catalina.connector.CoyoteAdapter.service(CoyoteAdapter.java:344)
	at org.apache.coyote.http11.Http11Processor.service(Http11Processor.java:398)
	at org.apache.coyote.AbstractProcessorLight.process(AbstractProcessorLight.java:63)
	at org.apache.coyote.AbstractProtocol$ConnectionHandler.process(AbstractProtocol.java:903)
	at org.apache.tomcat.util.net.NioEndpoint$SocketProcessor.doRun(NioEndpoint.java:1776)
	at org.apache.tomcat.util.net.SocketProcessorBase.run(SocketProcessorBase.java:52)
	at org.apache.tomcat.util.threads.ThreadPoolExecutor.runWorker(ThreadPoolExecutor.java:975)
	at org.apache.tomcat.util.threads.ThreadPoolExecutor$Worker.run(ThreadPoolExecutor.java:493)
	at org.apache.tomcat.util.threads.TaskThread$WrappingRunnable.run(TaskThread.java:63)
	at java.base/java.lang.Thread.run(Thread.java:840)
2025-11-22T10:51:21.150Z DEBUG 28503 --- [nio-8081-exec-5] o.s.w.s.m.m.a.HttpEntityMethodProcessor  : Using 'application/json', given [*/*] and supported [application/json, application/*+json, application/yaml]
2025-11-22T10:51:21.151Z DEBUG 28503 --- [nio-8081-exec-5] o.s.w.s.m.m.a.HttpEntityMethodProcessor  : Writing [com.raoudate.GestionDeTri.handler.ExceptionResponse@e7985b7]
2025-11-22T10:51:21.153Z DEBUG 28503 --- [nio-8081-exec-5] .m.m.a.ExceptionHandlerExceptionResolver : Resolved [org.springframework.web.servlet.resource.NoResourceFoundException: No static resource api/v1/auth/login.]
2025-11-22T10:51:21.154Z DEBUG 28503 --- [nio-8081-exec-5] o.s.web.servlet.DispatcherServlet        : Completed 500 INTERNAL_SERVER_ERROR
🔐 [JwtAuthFilter] Requête: POST /api/v1/auth/login
✅ [JwtAuthFilter] Endpoint d'auth, skip filter
2025-11-22T10:51:50.148Z DEBUG 28503 --- [nio-8081-exec-6] o.s.web.servlet.DispatcherServlet        : POST "/api/v1/auth/login", parameters={}
2025-11-22T10:51:50.148Z DEBUG 28503 --- [nio-8081-exec-6] o.s.w.s.handler.SimpleUrlHandlerMapping  : Mapped to ResourceHttpRequestHandler [classpath [META-INF/resources/], classpath [resources/], classpath [static/], classpath [public/], ServletContext [/]]
2025-11-22T10:51:50.149Z DEBUG 28503 --- [nio-8081-exec-6] o.s.w.s.r.ResourceHttpRequestHandler     : Resource not found
2025-11-22T10:51:50.149Z DEBUG 28503 --- [nio-8081-exec-6] .m.m.a.ExceptionHandlerExceptionResolver : Using @ExceptionHandler com.raoudate.GestionDeTri.handler.GlobalExceptionHandler#handleException(Exception)
org.springframework.web.servlet.resource.NoResourceFoundException: No static resource api/v1/auth/login.
	at org.springframework.web.servlet.resource.ResourceHttpRequestHandler.handleRequest(ResourceHttpRequestHandler.java:585)
	at org.springframework.web.servlet.mvc.HttpRequestHandlerAdapter.handle(HttpRequestHandlerAdapter.java:52)
	at org.springframework.web.servlet.DispatcherServlet.doDispatch(DispatcherServlet.java:1089)
	at org.springframework.web.servlet.DispatcherServlet.doService(DispatcherServlet.java:979)
	at org.springframework.web.servlet.FrameworkServlet.processRequest(FrameworkServlet.java:1014)
	at org.springframework.web.servlet.FrameworkServlet.doPost(FrameworkServlet.java:914)
	at jakarta.servlet.http.HttpServlet.service(HttpServlet.java:590)
	at org.springframework.web.servlet.FrameworkServlet.service(FrameworkServlet.java:885)
	at jakarta.servlet.http.HttpServlet.service(HttpServlet.java:658)
	at org.apache.catalina.core.ApplicationFilterChain.internalDoFilter(ApplicationFilterChain.java:195)
	at org.apache.catalina.core.ApplicationFilterChain.doFilter(ApplicationFilterChain.java:140)
	at org.apache.tomcat.websocket.server.WsFilter.doFilter(WsFilter.java:51)
	at org.apache.catalina.core.ApplicationFilterChain.internalDoFilter(ApplicationFilterChain.java:164)
	at org.apache.catalina.core.ApplicationFilterChain.doFilter(ApplicationFilterChain.java:140)
	at org.springframework.web.filter.OncePerRequestFilter.doFilter(OncePerRequestFilter.java:110)
	at org.apache.catalina.core.ApplicationFilterChain.internalDoFilter(ApplicationFilterChain.java:164)
	at org.apache.catalina.core.ApplicationFilterChain.doFilter(ApplicationFilterChain.java:140)
	at org.springframework.web.servlet.resource.ResourceUrlEncodingFilter.doFilter(ResourceUrlEncodingFilter.java:66)
	at org.apache.catalina.core.ApplicationFilterChain.internalDoFilter(ApplicationFilterChain.java:164)
	at org.apache.catalina.core.ApplicationFilterChain.doFilter(ApplicationFilterChain.java:140)
	at org.springframework.web.filter.CompositeFilter$VirtualFilterChain.doFilter(CompositeFilter.java:108)
	at org.springframework.web.filter.CompositeFilter$VirtualFilterChain.doFilter(CompositeFilter.java:108)
	at org.springframework.security.web.FilterChainProxy.lambda$doFilterInternal$3(FilterChainProxy.java:231)
	at org.springframework.security.web.FilterChainProxy$VirtualFilterChain.doFilter(FilterChainProxy.java:365)
	at org.springframework.security.web.access.intercept.AuthorizationFilter.doFilter(AuthorizationFilter.java:101)
	at org.springframework.security.web.FilterChainProxy$VirtualFilterChain.doFilter(FilterChainProxy.java:374)
	at org.springframework.security.web.access.ExceptionTranslationFilter.doFilter(ExceptionTranslationFilter.java:125)
	at org.springframework.security.web.access.ExceptionTranslationFilter.doFilter(ExceptionTranslationFilter.java:119)
	at org.springframework.security.web.FilterChainProxy$VirtualFilterChain.doFilter(FilterChainProxy.java:374)
	at org.springframework.security.web.session.SessionManagementFilter.doFilter(SessionManagementFilter.java:131)
	at org.springframework.security.web.session.SessionManagementFilter.doFilter(SessionManagementFilter.java:85)
	at org.springframework.security.web.FilterChainProxy$VirtualFilterChain.doFilter(FilterChainProxy.java:374)
	at org.springframework.security.web.authentication.AnonymousAuthenticationFilter.doFilter(AnonymousAuthenticationFilter.java:100)
	at org.springframework.security.web.FilterChainProxy$VirtualFilterChain.doFilter(FilterChainProxy.java:374)
	at org.springframework.security.web.servletapi.SecurityContextHolderAwareRequestFilter.doFilter(SecurityContextHolderAwareRequestFilter.java:179)
	at org.springframework.security.web.FilterChainProxy$VirtualFilterChain.doFilter(FilterChainProxy.java:374)
	at org.springframework.security.web.savedrequest.RequestCacheAwareFilter.doFilter(RequestCacheAwareFilter.java:63)
	at org.springframework.security.web.FilterChainProxy$VirtualFilterChain.doFilter(FilterChainProxy.java:374)
	at com.raoudate.GestionDeTri.security.JwtAuthFilter.doFilterInternal(JwtAuthFilter.java:38)
	at org.springframework.web.filter.OncePerRequestFilter.doFilter(OncePerRequestFilter.java:116)
	at org.springframework.security.web.FilterChainProxy$VirtualFilterChain.doFilter(FilterChainProxy.java:374)
	at org.springframework.security.web.authentication.logout.LogoutFilter.doFilter(LogoutFilter.java:107)
	at org.springframework.security.web.authentication.logout.LogoutFilter.doFilter(LogoutFilter.java:93)
	at org.springframework.security.web.FilterChainProxy$VirtualFilterChain.doFilter(FilterChainProxy.java:374)
	at org.springframework.web.filter.CorsFilter.doFilterInternal(CorsFilter.java:91)
	at org.springframework.web.filter.OncePerRequestFilter.doFilter(OncePerRequestFilter.java:116)
	at org.springframework.security.web.FilterChainProxy$VirtualFilterChain.doFilter(FilterChainProxy.java:374)
	at org.springframework.security.web.header.HeaderWriterFilter.doHeadersAfter(HeaderWriterFilter.java:90)
	at org.springframework.security.web.header.HeaderWriterFilter.doFilterInternal(HeaderWriterFilter.java:75)
	at org.springframework.web.filter.OncePerRequestFilter.doFilter(OncePerRequestFilter.java:116)
	at org.springframework.security.web.FilterChainProxy$VirtualFilterChain.doFilter(FilterChainProxy.java:374)
	at org.springframework.security.web.context.SecurityContextHolderFilter.doFilter(SecurityContextHolderFilter.java:82)
	at org.springframework.security.web.context.SecurityContextHolderFilter.doFilter(SecurityContextHolderFilter.java:69)
	at org.springframework.security.web.FilterChainProxy$VirtualFilterChain.doFilter(FilterChainProxy.java:374)
	at org.springframework.security.web.context.request.async.WebAsyncManagerIntegrationFilter.doFilterInternal(WebAsyncManagerIntegrationFilter.java:62)
	at org.springframework.web.filter.OncePerRequestFilter.doFilter(OncePerRequestFilter.java:116)
	at org.springframework.security.web.FilterChainProxy$VirtualFilterChain.doFilter(FilterChainProxy.java:374)
	at org.springframework.security.web.session.DisableEncodeUrlFilter.doFilterInternal(DisableEncodeUrlFilter.java:42)
	at org.springframework.web.filter.OncePerRequestFilter.doFilter(OncePerRequestFilter.java:116)
	at org.springframework.security.web.FilterChainProxy$VirtualFilterChain.doFilter(FilterChainProxy.java:374)
	at org.springframework.security.web.FilterChainProxy.doFilterInternal(FilterChainProxy.java:233)
	at org.springframework.security.web.FilterChainProxy.doFilter(FilterChainProxy.java:191)
	at org.springframework.web.filter.CompositeFilter$VirtualFilterChain.doFilter(CompositeFilter.java:113)
	at org.springframework.web.filter.ServletRequestPathFilter.doFilter(ServletRequestPathFilter.java:52)
	at org.springframework.web.filter.CompositeFilter$VirtualFilterChain.doFilter(CompositeFilter.java:113)
	at org.springframework.web.filter.CompositeFilter.doFilter(CompositeFilter.java:74)
	at org.springframework.security.config.annotation.web.configuration.WebSecurityConfiguration$CompositeFilterChainProxy.doFilter(WebSecurityConfiguration.java:319)
	at org.springframework.web.filter.CompositeFilter$VirtualFilterChain.doFilter(CompositeFilter.java:113)
	at org.springframework.web.servlet.handler.HandlerMappingIntrospector.lambda$createCacheFilter$4(HandlerMappingIntrospector.java:267)
	at org.springframework.web.filter.CompositeFilter$VirtualFilterChain.doFilter(CompositeFilter.java:113)
	at org.springframework.web.filter.CompositeFilter.doFilter(CompositeFilter.java:74)
	at org.springframework.security.config.annotation.web.configuration.WebMvcSecurityConfiguration$CompositeFilterChainProxy.doFilter(WebMvcSecurityConfiguration.java:240)
	at org.springframework.web.filter.DelegatingFilterProxy.invokeDelegate(DelegatingFilterProxy.java:362)
	at org.springframework.web.filter.DelegatingFilterProxy.doFilter(DelegatingFilterProxy.java:278)
	at org.apache.catalina.core.ApplicationFilterChain.internalDoFilter(ApplicationFilterChain.java:164)
	at org.apache.catalina.core.ApplicationFilterChain.doFilter(ApplicationFilterChain.java:140)
	at org.springframework.web.filter.RequestContextFilter.doFilterInternal(RequestContextFilter.java:100)
	at org.springframework.web.filter.OncePerRequestFilter.doFilter(OncePerRequestFilter.java:116)
	at org.apache.catalina.core.ApplicationFilterChain.internalDoFilter(ApplicationFilterChain.java:164)
	at org.apache.catalina.core.ApplicationFilterChain.doFilter(ApplicationFilterChain.java:140)
	at org.springframework.web.filter.FormContentFilter.doFilterInternal(FormContentFilter.java:93)
	at org.springframework.web.filter.OncePerRequestFilter.doFilter(OncePerRequestFilter.java:116)
	at org.apache.catalina.core.ApplicationFilterChain.internalDoFilter(ApplicationFilterChain.java:164)
	at org.apache.catalina.core.ApplicationFilterChain.doFilter(ApplicationFilterChain.java:140)
	at org.springframework.web.filter.CharacterEncodingFilter.doFilterInternal(CharacterEncodingFilter.java:201)
	at org.springframework.web.filter.OncePerRequestFilter.doFilter(OncePerRequestFilter.java:116)
	at org.apache.catalina.core.ApplicationFilterChain.internalDoFilter(ApplicationFilterChain.java:164)
	at org.apache.catalina.core.ApplicationFilterChain.doFilter(ApplicationFilterChain.java:140)
	at org.apache.catalina.core.StandardWrapperValve.invoke(StandardWrapperValve.java:167)
	at org.apache.catalina.core.StandardContextValve.invoke(StandardContextValve.java:90)
	at org.apache.catalina.authenticator.AuthenticatorBase.invoke(AuthenticatorBase.java:483)
	at org.apache.catalina.core.StandardHostValve.invoke(StandardHostValve.java:116)
	at org.apache.catalina.valves.ErrorReportValve.invoke(ErrorReportValve.java:93)
	at org.apache.catalina.core.StandardEngineValve.invoke(StandardEngineValve.java:74)
	at org.apache.catalina.connector.CoyoteAdapter.service(CoyoteAdapter.java:344)
	at org.apache.coyote.http11.Http11Processor.service(Http11Processor.java:398)
	at org.apache.coyote.AbstractProcessorLight.process(AbstractProcessorLight.java:63)
	at org.apache.coyote.AbstractProtocol$ConnectionHandler.process(AbstractProtocol.java:903)
	at org.apache.tomcat.util.net.NioEndpoint$SocketProcessor.doRun(NioEndpoint.java:1776)
	at org.apache.tomcat.util.net.SocketProcessorBase.run(SocketProcessorBase.java:52)
	at org.apache.tomcat.util.threads.ThreadPoolExecutor.runWorker(ThreadPoolExecutor.java:975)
	at org.apache.tomcat.util.threads.ThreadPoolExecutor$Worker.run(ThreadPoolExecutor.java:493)
	at org.apache.tomcat.util.threads.TaskThread$WrappingRunnable.run(TaskThread.java:63)
	at java.base/java.lang.Thread.run(Thread.java:840)
2025-11-22T10:51:50.149Z DEBUG 28503 --- [nio-8081-exec-6] o.s.w.s.m.m.a.HttpEntityMethodProcessor  : Using 'application/json', given [*/*] and supported [application/json, application/*+json, application/yaml]
2025-11-22T10:51:50.149Z DEBUG 28503 --- [nio-8081-exec-6] o.s.w.s.m.m.a.HttpEntityMethodProcessor  : Writing [com.raoudate.GestionDeTri.handler.ExceptionResponse@41a82860]
2025-11-22T10:51:50.150Z DEBUG 28503 --- [nio-8081-exec-6] .m.m.a.ExceptionHandlerExceptionResolver : Resolved [org.springframework.web.servlet.resource.NoResourceFoundException: No static resource api/v1/auth/login.]
2025-11-22T10:51:50.150Z DEBUG 28503 --- [nio-8081-exec-6] o.s.web.servlet.DispatcherServlet        : Completed 500 INTERNAL_SERVER_ERROR
2025-11-22T10:52:25.175Z DEBUG 28503 --- [ionShutdownHook] o.s.b.a.ApplicationAvailabilityBean      : Application availability state ReadinessState changed from ACCEPTING_TRAFFIC to REFUSING_TRAFFIC
2025-11-22T10:52:25.177Z DEBUG 28503 --- [ionShutdownHook] ConfigServletWebServerApplicationContext : Closing org.springframework.boot.web.servlet.context.AnnotationConfigServletWebServerApplicationContext@a87f8ec, started on Sat Nov 22 10:49:17 GMT 2025
2025-11-22T10:52:25.187Z  INFO 28503 --- [ionShutdownHook] o.s.b.w.e.tomcat.GracefulShutdown        : Commencing graceful shutdown. Waiting for active requests to complete
2025-11-22T10:52:25.192Z  INFO 28503 --- [tomcat-shutdown] o.s.b.w.e.tomcat.GracefulShutdown        : Graceful shutdown complete
2025-11-22T10:52:25.200Z  INFO 28503 --- [ionShutdownHook] c.r.G.services.GeocodingService          : 🔒 Arrêt du service de géocodage
2025-11-22T10:52:25.202Z  INFO 28503 --- [ionShutdownHook] j.LocalContainerEntityManagerFactoryBean : Closing JPA EntityManagerFactory for persistence unit 'default'
2025-11-22T10:52:25.205Z  INFO 28503 --- [ionShutdownHook] com.zaxxer.hikari.HikariDataSource       : HikariPool-1 - Shutdown initiated...
2025-11-22T10:52:25.207Z  INFO 28503 --- [ionShutdownHook] com.zaxxer.hikari.HikariDataSource       : HikariPool-1 - Shutdown completed.
[INFO] ------------------------------------------------------------------------
[INFO] BUILD FAILURE
[INFO] ------------------------------------------------------------------------
[INFO] Total time:  03:09 min
[INFO] Finished at: 2025-11-22T10:52:25Z
[INFO] ------------------------------------------------------------------------
[ERROR] Failed to execute goal org.springframework.boot:spring-boot-maven-plugin:3.5.6:run (default-cli) on project GestionDeTri: Process terminated with exit code: 143 -> [Help 1]
[ERROR] 
[ERROR] To see the full stack trace of the errors, re-run Maven with the -e switch.
[ERROR] Re-run Maven using the -X switch to enable full debug logging.
[ERROR] 
[ERROR] For more information about the errors and possible solutions, please read the following articles:
[ERROR] [Help 1] http://cwiki.apache.org/confluence/display/MAVEN/MojoExecutionException
